Player,Pos,Club,Age,Born,MP,Starts,Min,90s,Gls,Ast,G+A,G-PK,PK,PKatt,CrdY,CrdR,xG,npxG,xAG,npxG+xAG,PrgC,PrgP,PrgR,GlsA,AstA,G+AA,G-PKA,G+A-PK,xGA,xAG,xGA+XAG,npxG,npxG+xAG
Luis Abram,DF,Granada,25,1996,8,6,560,6.2,0,0,0,0,0,0,2,0,0.3,0.3,0,0.3,1,10,1,0,0,0,0,0,0.05,0,0.05,0.05,0.05
Marcos Acuña,DF,Sevilla,29,1991,31,26,"2,260",25.1,1,3,4,1,0,0,10,0,1.2,1.2,2.9,4.1,73,131,153,0.04,0.12,0.16,0.04,0.16,0.05,0.11,0.16,0.05,0.16
Martin Agirregabiria,DF,Alaves,25,1996,24,17,"1,616",18,0,1,1,0,0,0,4,0,0.2,0.2,0.7,0.8,15,57,40,0,0.06,0.06,0,0.06,0.01,0.04,0.05,0.01,0.05
Julen Agirrezabala,GK,Athletic Club,20,2000,4,4,360,4,0,0,0,0,0,0,0,0,0,0,0,0,0,0,0,0,0,0,0,0,0,0,0,0,0
Sergio Agüero,FW,Barcelona,33,1988,4,2,151,1.7,1,0,1,1,0,0,0,0,1,1,0.1,1.1,4,3,13,0.6,0,0.6,0.6,0.6,0.61,0.07,0.68,0.61,0.68
Álvaro Aguirre,FW,Rayo Vallecano,21,2000,1,0,9,0.1,0,0,0,0,0,0,0,0,0,0,0,0,0,0,0,0,0,0,0,0,0,0,0,0,0
Joseph Aidoo,DF,Celta Vigo,25,1995,32,30,"2,637",29.3,0,0,0,0,0,0,1,0,0.3,0.3,0.3,0.6,25,110,3,0,0,0,0,0,0.01,0.01,0.02,0.01,0.02
Carlos Akapo,DF,Cadiz,28,1993,25,21,"1,844",20.5,0,0,0,0,0,0,4,0,0.5,0.5,0.3,0.8,35,51,52,0,0,0,0,0,0.02,0.02,0.04,0.02,0.04
Ilias Akhomach,FW,Barcelona,17,2004,2,2,124,1.4,0,0,0,0,0,0,0,0,0.1,0.1,0.6,0.7,7,11,13,0,0,0,0,0,0.11,0.43,0.54,0.11,0.54
Paul Akouokou,MF,Betis,23,1997,8,6,516,5.7,0,0,0,0,0,0,2,1,0,0,0.1,0.1,3,30,5,0,0,0,0,0,0.01,0.02,0.03,0.01,0.03
David Alaba,DF,Real Madrid,29,1992,30,30,"2,642",29.4,2,3,5,2,0,0,2,0,1.6,1.6,2.2,3.8,40,154,76,0.07,0.1,0.17,0.07,0.17,0.06,0.07,0.13,0.06,0.13
Tomás Alarcón,MF,Cadiz,22,1999,23,16,"1,425",15.8,0,1,1,0,0,0,5,0,1.1,1.1,1.1,2.2,6,55,13,0,0.06,0.06,0,0.06,0.07,0.07,0.14,0.07,0.14
Jordi Alba,DF,Barcelona,32,1989,30,30,"2,644",29.4,2,10,12,2,0,0,11,0,1.5,1.5,7.1,8.7,47,291,213,0.07,0.34,0.41,0.07,0.41,0.05,0.24,0.29,0.05,0.29
Raúl Albiol,DF,Villarreal,35,1985,28,28,"2,465",27.4,0,0,0,0,0,0,8,0,0.4,0.4,0.1,0.5,11,90,0,0,0,0,0,0,0.01,0,0.02,0.01,0.02
Paco Alcácer,FW,Villarreal,27,1993,18,10,787,8.7,1,3,4,1,0,0,1,0,3.9,3.9,1.6,5.5,4,10,45,0.11,0.34,0.46,0.11,0.46,0.45,0.19,0.63,0.45,0.63
Rubén Alcaraz,MF,Cadiz,30,1991,14,12,"1,105",12.3,2,0,2,2,0,0,7,0,1.3,1.3,0.9,2.3,26,87,21,0.16,0,0.16,0.16,0.16,0.11,0.08,0.18,0.11,0.18
Omar Alderete,DF,Valencia,24,1996,29,28,"2,403",26.7,2,0,2,2,0,0,15,0,0.8,0.8,0.1,1,17,89,3,0.07,0,0.07,0.07,0.07,0.03,0.01,0.04,0.03,0.04
Iván Alejo,"MF,FW",Cadiz,26,1995,20,11,"1,065",11.8,2,2,4,2,0,0,7,0,1.4,1.4,1.8,3.2,63,25,88,0.17,0.17,0.34,0.17,0.34,0.12,0.15,0.27,0.12,0.27
Carles Aleñá,MF,Getafe,23,1998,33,30,"2,320",25.8,1,2,3,1,0,0,6,1,1.8,1.8,1.3,3.1,33,81,65,0.04,0.08,0.12,0.04,0.12,0.07,0.05,0.12,0.07,0.12
Hugo Álvarez,FW,Celta Vigo,18,2003,1,0,11,0.1,0,0,0,0,0,0,0,0,0.2,0.2,0,0.2,0,0,0,0,0,0,0,0,1.39,0,1.39,1.39,1.39
Yeray Álvarez,DF,Athletic Club,26,1995,22,21,"1,860",20.7,0,0,0,0,0,0,6,0,0.5,0.5,0.1,0.6,16,64,4,0,0,0,0,0,0.02,0.01,0.03,0.02,0.03
Dani Alves,DF,Barcelona,38,1983,14,13,"1,098",12.2,1,3,4,1,0,0,2,1,0.3,0.3,2.3,2.5,33,72,25,0.08,0.25,0.33,0.08,0.33,0.02,0.19,0.21,0.02,0.21
Emmanuel Amankwaa Akurugu,DF,Getafe,19,2001,3,1,79,0.9,0,1,1,0,0,0,0,0,0,0,0.1,0.1,5,4,6,0,1.14,1.14,0,1.14,0.03,0.1,0.13,0.03,0.13
Amath,"FW,MF",Mallorca,25,1996,19,9,884,9.8,0,1,1,0,0,0,5,0,1.4,1.4,0.9,2.3,18,19,58,0,0.1,0.1,0,0.1,0.14,0.1,0.23,0.14,0.23
Florin Andone,FW,Cadiz,28,1993,5,1,176,2,0,0,0,0,0,0,1,0,0.2,0.2,0.1,0.3,0,2,11,0,0,0,0,0,0.12,0.05,0.16,0.12,0.16
Marcos André,"FW,MF",Valencia,24,1996,29,8,973,10.8,1,3,4,1,0,0,3,0,3,3,2.6,5.6,19,20,62,0.09,0.28,0.37,0.09,0.37,0.28,0.24,0.52,0.28,0.52
José Ángel,DF,Osasuna,31,1989,23,12,"1,083",12,1,1,2,1,0,0,2,1,0.2,0.2,1.5,1.7,22,98,35,0.08,0.08,0.17,0.08,0.17,0.02,0.13,0.14,0.02,0.14
Josep Antoni Gayá,DF,Mallorca,21,2000,1,1,58,0.6,0,0,0,0,0,0,0,0,0,0,0,0,1,0,0,0,0,0,0,0,0,0,0,0,0
Mauro Arambarri,MF,Getafe,25,1995,31,31,"2,663",29.6,0,5,5,0,0,0,13,0,1.2,1.2,2.2,3.3,32,79,47,0,0.17,0.17,0,0.17,0.04,0.07,0.11,0.04,0.11
Néstor Araujo,DF,Celta Vigo,29,1991,34,29,"2,617",29.1,0,0,0,0,0,0,4,0,0.3,0.3,0.2,0.5,47,83,3,0,0,0,0,0,0.01,0.01,0.02,0.01,0.02
Ronald Araújo,DF,Barcelona,22,1999,30,25,"2,272",25.2,4,0,4,4,0,0,6,0,1.5,1.5,1.2,2.8,30,91,14,0.16,0,0.16,0.16,0.16,0.06,0.05,0.11,0.06,0.11
Jesús Areso,DF,Osasuna,22,1999,3,2,188,2.1,0,0,0,0,0,0,1,0,0,0,0,0,3,3,5,0,0,0,0,0,0,0.02,0.02,0,0.02
Matias Arezo,"FW,MF",Granada,18,2002,8,1,162,1.8,0,0,0,0,0,0,1,0,1,1,0.3,1.3,4,3,14,0,0,0,0,0,0.56,0.17,0.73,0.56,0.73
Santiago Arias,DF,Granada,29,1992,12,4,440,4.9,1,0,1,1,0,0,1,0,0.7,0.7,0.4,1.2,5,11,21,0.2,0,0.2,0.2,0.2,0.15,0.09,0.24,0.15,0.24
Santiago Arzamendia,MF,Cadiz,23,1998,14,5,469,5.2,1,0,1,1,0,0,2,0,0.2,0.2,0,0.3,9,3,23,0.19,0,0.19,0.19,0.19,0.04,0.01,0.05,0.04,0.05
Sergio Asenjo,GK,Villarreal,32,1989,6,6,540,6,0,0,0,0,0,0,1,0,0,0,0,0,0,0,0,0,0,0,0,0,0,0,0,0,0
Alejandro Asensio,FW,Rayo Vallecano,20,2000,2,0,12,0.1,0,0,0,0,0,0,0,0,0,0,0,0.1,0,1,0,0,0,0,0,0,0.22,0.17,0.38,0.22,0.38
Marco Asensio,"FW,MF",Real Madrid,25,1996,31,19,"1,731",19.2,10,0,10,10,0,0,2,0,7.5,7.5,2.4,9.9,56,80,143,0.52,0,0.52,0.52,0.52,0.39,0.13,0.52,0.39,0.52
Iago Aspas,FW,Celta Vigo,33,1987,37,36,"3,087",34.3,18,5,23,15,3,5,9,0,14.1,10.2,5.9,16.1,112,108,296,0.52,0.15,0.67,0.44,0.58,0.41,0.17,0.58,0.3,0.47
Pierre-Emerick Aubameyang,FW,Barcelona,32,1989,17,13,"1,082",12,11,1,12,11,0,0,0,0,7.8,7.8,1.1,8.9,16,16,79,0.91,0.08,1,0.91,1,0.65,0.09,0.74,0.65,0.74
Ludwig Augustinsson,"DF,FW",Sevilla,27,1994,19,9,793,8.8,0,1,1,0,0,0,3,0,0.4,0.4,0.8,1.2,12,19,46,0,0.11,0.11,0,0.11,0.04,0.09,0.13,0.04,0.13
Serge Aurier,DF,Villarreal,28,1992,19,10,"1,010",11.2,0,1,1,0,0,0,4,0,0.8,0.8,1.4,2.3,21,59,53,0,0.09,0.09,0,0.09,0.07,0.13,0.2,0.07,0.2
Ezequiel Ávila,"FW,MF",Osasuna,27,1994,36,22,"1,870",20.8,6,1,7,5,1,1,9,1,4.3,3.5,1.6,5.2,32,47,117,0.29,0.05,0.34,0.24,0.29,0.21,0.08,0.29,0.17,0.25
Iddrisu Baba,MF,Mallorca,25,1996,26,23,"1,934",21.5,1,0,1,1,0,0,9,0,1.4,1.4,0.6,2,14,73,6,0.05,0,0.05,0.05,0.05,0.06,0.03,0.09,0.06,0.09
Carlos Bacca,FW,Granada,34,1986,17,4,513,5.7,0,1,1,0,0,0,3,0,0.9,0.9,1.3,2.2,7,10,20,0,0.18,0.18,0,0.18,0.15,0.23,0.38,0.15,0.38
Édgar Badía,GK,Elche,29,1992,24,24,"2,160",24,0,0,0,0,0,0,2,0,0,0,0,0,0,0,0,0,0,0,0,0,0,0,0,0,0
Miguel Baeza,DF,Celta Vigo,21,2000,1,0,2,0,0,0,0,0,0,0,0,0,0,0,0,0,2,0,0,0,0,0,0,0,0,0,0,0,0
Alejandro Balde,"DF,FW",Barcelona,17,2003,5,2,188,2.1,0,0,0,0,0,0,0,0,0,0,0,0.1,9,7,23,0,0,0,0,0,0.01,0.02,0.03,0.01,0.03
Gareth Bale,FW,Real Madrid,32,1989,5,4,280,3.1,1,0,1,1,0,0,2,0,1.2,1.2,0.1,1.3,6,8,10,0.32,0,0.32,0.32,0.32,0.39,0.03,0.42,0.39,0.42
Mikel Balenziaga,DF,Athletic Club,33,1988,26,23,"2,027",22.5,0,0,0,0,0,0,2,0,0.1,0.1,0.4,0.5,29,68,66,0,0,0,0,0,0.01,0.02,0.02,0.01,0.02
Iván Balliu,DF,Rayo Vallecano,29,1992,35,35,"3,147",35,1,2,3,1,0,0,10,1,0.9,0.9,3.5,4.4,84,134,132,0.03,0.06,0.09,0.03,0.09,0.02,0.1,0.13,0.02,0.13
Barbero,"FW,MF",Osasuna,22,1998,6,0,21,0.2,0,0,0,0,0,0,0,0,0,0,0,0,0,1,3,0,0,0,0,0,0,0,0,0,0
Barcia,DF,Granada,20,2000,1,1,75,0.8,0,0,0,0,0,0,0,0,0,0,0,0,1,0,0,0,0,0,0,0,0,0,0,0,0
Enis Bardhi,"MF,FW",Levante,26,1995,30,17,"1,701",18.9,3,3,6,1,2,2,3,0,3.9,2.2,3,5.3,41,103,105,0.16,0.16,0.32,0.05,0.21,0.2,0.16,0.37,0.12,0.28
Keidi Bare,MF,Espanyol,23,1997,25,18,"1,481",16.5,1,1,2,1,0,0,9,0,0.3,0.3,0.5,0.8,20,67,15,0.06,0.06,0.12,0.06,0.12,0.02,0.03,0.05,0.02,0.05
Kike Barja,"MF,FW",Osasuna,24,1997,21,9,865,9.6,2,0,2,2,0,0,2,0,1.5,1.5,0.5,2,34,35,92,0.21,0,0.21,0.21,0.21,0.16,0.05,0.21,0.16,0.21
Antonio Barragán,DF,Elche,34,1987,16,12,"1,020",11.3,0,0,0,0,0,0,5,0,0,0,0.1,0.1,7,41,30,0,0,0,0,0,0,0,0.01,0,0.01
Ander Barrenetxea,"FW,MF",Real Sociedad,19,2001,11,6,547,6.1,1,1,2,1,0,0,0,0,0.5,0.5,0.8,1.3,20,22,72,0.16,0.16,0.33,0.16,0.33,0.08,0.14,0.22,0.08,0.22
Marc Bartra,DF,Betis,30,1991,23,23,"1,993",22.1,1,0,1,1,0,0,5,0,1.6,1.6,0.1,1.7,14,59,5,0.05,0,0.05,0.05,0.05,0.07,0,0.08,0.07,0.08
Álvaro Bastida,MF,Cadiz,17,2004,6,2,197,2.2,0,0,0,0,0,0,1,0,0,0,0,0,0,5,0,0,0,0,0,0,0,0,0,0,0
Rodrigo Battaglia,MF,Mallorca,30,1991,26,12,"1,179",13.1,0,0,0,0,0,0,4,0,0.4,0.4,0.1,0.5,19,41,2,0,0,0,0,0,0.03,0,0.04,0.03,0.04
Jon Bautista,MF,Real Sociedad,26,1995,1,0,45,0.5,0,0,0,0,0,0,0,0,0.1,0.1,0,0.1,0,1,1,0,0,0,0,0,0.15,0,0.15,0.15,0.15
Bebé,FW,Rayo Vallecano,31,1990,29,6,867,9.6,1,2,3,1,0,0,2,0,1.7,1.7,1.8,3.4,54,10,80,0.1,0.21,0.31,0.1,0.31,0.17,0.18,0.36,0.17,0.36
Héctor Bellerín,DF,Betis,26,1995,23,22,"1,979",22,0,2,2,0,0,0,2,1,0.5,0.5,2.1,2.7,43,75,103,0,0.09,0.09,0,0.09,0.02,0.1,0.12,0.02,0.12
Fran Beltrán,MF,Celta Vigo,22,1999,37,31,"2,597",28.9,1,0,1,1,0,0,4,0,0.4,0.4,0.3,0.7,18,131,22,0.03,0,0.03,0.03,0.03,0.01,0.01,0.02,0.01,0.02
Darío Benedetto,"FW,MF",Elche,31,1990,14,6,590,6.6,2,1,3,2,0,0,1,0,2,2,0.9,2.9,6,14,25,0.31,0.15,0.46,0.31,0.46,0.31,0.13,0.44,0.31,0.44
Iker Benito,"FW,MF",Osasuna,18,2002,4,1,118,1.3,0,0,0,0,0,0,1,0,0.1,0.1,0.1,0.2,2,3,7,0,0,0,0,0,0.06,0.09,0.15,0.06,0.15
Pedro Benito,FW,Cadiz,21,2000,1,0,31,0.3,0,0,0,0,0,0,0,0,0,0,0,0,1,0,1,0,0,0,0,0,0,0,0,0,0
Karim Benzema,FW,Real Madrid,33,1987,32,31,"2,593",28.8,27,12,39,20,7,11,0,0,23.7,15.1,7.9,23,88,177,252,0.94,0.42,1.35,0.69,1.11,0.83,0.28,1.1,0.52,0.8
Yuri Berchiche,DF,Athletic Club,31,1990,14,11,"1,015",11.3,1,2,3,1,0,0,3,0,0.4,0.4,1.2,1.5,33,64,46,0.09,0.18,0.27,0.09,0.27,0.03,0.1,0.14,0.03,0.14
Álex Berenguer,MF,Athletic Club,26,1995,34,24,"2,168",24.1,3,6,9,3,0,1,8,0,5.2,4.5,5.4,9.9,59,77,202,0.12,0.25,0.37,0.12,0.37,0.22,0.23,0.44,0.19,0.41
Pedro Bigas,DF,Elche,30,1990,19,19,"1,551",17.2,1,0,1,1,0,0,6,0,0.6,0.6,0.3,0.9,14,59,5,0.06,0,0.06,0.06,0.06,0.03,0.02,0.05,0.03,0.05
Yassine Bounou,GK,Sevilla,30,1991,31,31,"2,790",31,0,2,2,0,0,0,2,0,0,0,0.6,0.6,0,0,0,0,0.06,0.06,0,0.06,0,0.02,0.02,0,0.02
Lucas Boyé,FW,Elche,25,1996,24,22,"1,713",19,7,3,10,7,0,0,3,0,4.6,4.6,2,6.5,37,37,89,0.37,0.16,0.53,0.37,0.53,0.24,0.1,0.34,0.24,0.34
Martin Braithwaite,FW,Barcelona,30,1991,4,3,235,2.6,2,1,3,2,0,0,0,0,0.9,0.9,1.2,2.1,5,4,24,0.77,0.38,1.15,0.77,1.15,0.33,0.46,0.79,0.33,0.79
Darko Brašanac,MF,Osasuna,29,1992,35,27,"2,405",26.7,1,2,3,1,0,0,8,0,1.5,1.5,1.7,3.2,42,103,167,0.04,0.07,0.11,0.04,0.11,0.06,0.06,0.12,0.06,0.12
Claudio Bravo,GK,Betis,38,1983,17,17,"1,456",16.2,0,0,0,0,0,0,2,0,0,0,0.1,0.1,0,0,0,0,0,0,0,0,0,0.01,0.01,0,0.01
Yan Brice Eteki,MF,Granada,23,1997,12,2,343,3.8,0,0,0,0,0,0,3,0,0,0,0,0,2,17,0,0,0,0,0,0,0,0,0.01,0,0.01
Ante Budimir,FW,Osasuna,30,1991,28,20,"1,738",19.3,8,2,10,6,2,2,3,0,8.3,6.8,0.7,7.5,19,23,90,0.41,0.1,0.52,0.31,0.41,0.43,0.04,0.47,0.35,0.39
Sergio Busquets,MF,Barcelona,33,1988,36,36,"3,198",35.5,2,0,2,2,0,0,12,0,0.6,0.6,1.7,2.3,24,291,36,0.06,0,0.06,0.06,0.06,0.02,0.05,0.07,0.02,0.07
Adrián Butzke,FW,Granada,22,1999,1,0,1,0,0,0,0,0,0,0,0,0,0,0,0,0,0,0,0,0,0,0,0,0,0,0,0,0,0
Erick Cabaco,DF,Getafe,26,1995,10,5,403,4.5,0,1,1,0,0,0,4,1,0.1,0.1,0.4,0.5,3,13,1,0,0.22,0.22,0,0.22,0.01,0.09,0.1,0.01,0.1
Leandro Cabrera,DF,Espanyol,30,1991,37,37,"3,330",37,2,0,2,2,0,0,7,0,1.1,1.1,0.7,1.8,5,107,5,0.05,0,0.05,0.05,0.05,0.03,0.02,0.05,0.03,0.05
Martín Cáceres,DF,Levante,34,1987,10,9,663,7.4,0,0,0,0,0,0,2,0,0,0,0.1,0.1,9,31,5,0,0,0,0,0,0,0.02,0.02,0,0.02
Cala,DF,Cadiz,31,1989,14,10,947,10.5,0,0,0,0,0,0,8,1,0.7,0.7,0.5,1.2,0,8,2,0,0,0,0,0,0.06,0.05,0.11,0.06,0.11
Calderón,DF,Betis,21,2000,1,0,65,0.7,0,0,0,0,0,0,0,0,0,0,0.1,0.1,5,2,4,0,0,0,0,0,0,0.09,0.09,0,0.09
Fernando Calero,DF,Espanyol,25,1995,16,13,"1,090",12.1,0,0,0,0,0,0,3,0,0.2,0.2,0.1,0.3,2,24,2,0,0,0,0,0,0.01,0.01,0.02,0.01,0.02
Víctor Camarasa,"MF,FW",Betis,27,1994,7,0,108,1.2,0,0,0,0,0,0,0,0,0,0,0,0,0,5,4,0,0,0,0,0,0.02,0,0.02,0.02,0.02
Eduardo Camavinga,MF,Real Madrid,18,2002,26,13,"1,236",13.7,2,1,3,2,0,0,8,0,1.2,1.2,1,2.2,30,79,33,0.15,0.07,0.22,0.15,0.22,0.09,0.07,0.16,0.09,0.16
José Campaña,MF,Levante,28,1993,20,16,"1,422",15.8,2,2,4,2,0,1,6,1,1.5,0.6,1.1,1.7,37,133,55,0.13,0.13,0.25,0.13,0.25,0.09,0.07,0.16,0.03,0.11
Sergio Canales,"FW,MF",Betis,30,1991,34,33,"2,791",31,5,8,13,5,0,0,6,0,4.1,4.1,5.6,9.8,99,238,166,0.16,0.26,0.42,0.16,0.42,0.13,0.18,0.31,0.13,0.31
Álex Cantero,"FW,MF",Levante,21,2000,25,4,610,6.8,0,1,1,0,0,0,1,0,2.2,2.2,0.4,2.6,14,14,45,0,0.15,0.15,0,0.15,0.32,0.06,0.38,0.32,0.38
Ander Capa,DF,Athletic Club,29,1992,1,0,4,0,0,0,0,0,0,0,0,0,0,0,0,0,1,1,1,0,0,0,0,0,0.51,0,0.51,0.51,0.51
Étienne Capoue,MF,Villarreal,33,1988,30,26,"2,290",25.4,1,1,2,1,0,0,9,0,0.5,0.5,0.5,1.1,44,134,29,0.04,0.04,0.08,0.04,0.08,0.02,0.02,0.04,0.02,0.04
Isaac Carcelen,"DF,MF",Cadiz,28,1993,25,17,"1,544",17.2,0,1,1,0,0,0,2,0,0.4,0.4,0.5,0.9,29,62,32,0,0.06,0.06,0,0.06,0.02,0.03,0.05,0.02,0.05
Cárdenas,GK,Levante,24,1997,24,24,"2,160",24,0,0,0,0,0,0,3,0,0,0,0,0,0,0,0,0,0,0,0,0,0,0,0,0,0
Carlo,MF,Villarreal,20,2001,1,0,7,0.1,0,0,0,0,0,0,0,0,0,0,0,0,2,2,0,0,0,0,0,0,0,0,0,0,0
Diego Carlos,DF,Sevilla,28,1993,34,34,"2,957",32.9,3,0,3,3,0,0,4,1,2.1,2.1,0.2,2.3,1,99,5,0.09,0,0.09,0.09,0.09,0.06,0.01,0.07,0.06,0.07
Carmona,DF,Sevilla,19,2002,1,0,24,0.3,0,0,0,0,0,0,0,0,0,0,0,0,1,1,1,0,0,0,0,0,0,0,0,0,0
Yannick Carrasco,"FW,MF",Atletico Madrid,27,1993,34,28,"2,583",28.7,6,6,12,4,2,2,5,0,5.3,3.8,7,10.8,141,84,263,0.21,0.21,0.42,0.14,0.35,0.18,0.24,0.43,0.13,0.38
Guido Carrillo,FW,Elche,30,1991,29,11,"1,168",13,2,0,2,2,0,0,3,0,2.6,2.6,0.3,2.9,5,13,47,0.15,0,0.15,0.15,0.15,0.2,0.02,0.22,0.2,0.22
Dani Carvajal,DF,Real Madrid,29,1992,24,17,"1,551",17.2,1,3,4,1,0,0,1,0,0.5,0.5,2.4,2.9,29,73,108,0.06,0.17,0.23,0.06,0.23,0.03,0.14,0.17,0.03,0.17
William Carvalho,MF,Betis,29,1992,33,20,"1,805",20.1,2,3,5,2,0,0,6,0,3.1,3.1,1.5,4.6,39,163,39,0.1,0.15,0.25,0.1,0.25,0.16,0.07,0.23,0.16,0.23
Casemiro,MF,Real Madrid,29,1992,32,31,"2,569",28.5,1,3,4,1,0,0,11,0,2.5,2.5,2.8,5.3,23,162,30,0.04,0.11,0.14,0.04,0.14,0.09,0.1,0.19,0.09,0.19
Kiko Casilla,GK,Elche,34,1986,14,14,"1,260",14,0,0,0,0,0,0,3,0,0,0,0.1,0.1,0,0,0,0,0,0,0,0,0,0.01,0.01,0,0.01
Catena,DF,Rayo Vallecano,26,1994,36,36,"3,240",36,2,2,4,2,0,0,8,0,1.4,1.4,0.8,2.2,13,84,6,0.06,0.06,0.11,0.06,0.11,0.04,0.02,0.06,0.04,0.06
Dani Ceballos,MF,Real Madrid,24,1996,11,2,276,3.1,0,0,0,0,0,0,1,0,0.7,0.7,0.2,0.9,6,20,8,0,0,0,0,0,0.23,0.05,0.28,0.22,0.28
Franco Cervi,MF,Celta Vigo,27,1994,33,21,"1,801",20,4,3,7,4,0,0,5,0,3.1,3.1,1.1,4.1,35,61,86,0.2,0.15,0.35,0.2,0.35,0.15,0.05,0.21,0.15,0.21
Chapela,"MF,FW",Cadiz,22,1999,9,4,398,4.4,0,0,0,0,0,0,0,0,0.1,0.1,0.1,0.2,6,12,12,0,0,0,0,0,0.02,0.02,0.04,0.02,0.04
Chema,MF,Getafe,29,1992,1,1,45,0.5,0,0,0,0,0,0,1,1,0,0,0,0,0,2,0,0,0,0,0,0,0.05,0.04,0.09,0.05,0.09
Denis Cheryshev,"MF,FW",Valencia,30,1990,17,5,563,6.3,0,1,1,0,0,0,1,0,0.9,0.9,0.4,1.3,14,19,36,0,0.16,0.16,0,0.16,0.14,0.06,0.2,0.14,0.2
Samuel Chukwueze,"MF,FW",Villarreal,22,1999,27,12,"1,333",14.8,3,3,6,3,0,0,4,0,4.6,4.6,4.6,9.3,89,41,164,0.2,0.2,0.41,0.2,0.41,0.31,0.31,0.63,0.31,0.63
Víctor Chust,DF,Cadiz,21,2000,25,20,"1,830",20.3,0,0,0,0,0,0,2,0,0.7,0.7,0,0.7,17,47,1,0,0,0,0,0,0.04,0,0.04,0.04,0.04
Jasper Cillessen,GK,Valencia,32,1989,17,17,"1,457",16.2,0,1,1,0,0,0,1,0,0,0,0,0,0,0,0,0,0.06,0.06,0,0.06,0,0,0,0,0
Pathé Ciss,MF,Rayo Vallecano,27,1994,31,11,"1,097",12.2,2,1,3,2,0,0,5,0,1.7,1.7,0.5,2.2,8,55,6,0.16,0.08,0.25,0.16,0.25,0.14,0.04,0.18,0.14,0.18
Carlos Clerc,DF,Levante,29,1992,19,18,"1,514",16.8,0,0,0,0,0,0,6,0,0.1,0.1,0.8,1,45,66,56,0,0,0,0,0,0.01,0.05,0.06,0.01,0.06
Coke,DF,Levante,34,1987,6,1,118,1.3,1,0,1,1,0,0,1,0,0.6,0.6,0.1,0.7,1,8,5,0.76,0,0.76,0.76,0.76,0.48,0.04,0.52,0.48,0.52
Álex Collado,"MF,FW",Granada,22,1999,17,13,"1,020",11.3,2,1,3,2,0,0,1,0,0.8,0.8,1,1.8,20,38,32,0.18,0.09,0.26,0.18,0.26,0.07,0.09,0.16,0.07,0.16
Eray Cömert,DF,Valencia,23,1998,8,5,408,4.5,0,0,0,0,0,0,2,0,0.4,0.4,0,0.4,1,15,1,0,0,0,0,0,0.08,0.01,0.09,0.08,0.09
Santi Comesaña,MF,Rayo Vallecano,24,1996,35,32,"2,682",29.8,1,2,3,1,0,0,12,1,3.7,3.7,2,5.7,46,165,50,0.03,0.07,0.1,0.03,0.1,0.12,0.07,0.19,0.12,0.19
Diego Conde,GK,Getafe,22,1998,1,0,6,0.1,0,0,0,0,0,0,0,0,0,0,0,0,0,0,0,0,0,0,0,0,0,0,0,0,0
Francis Coquelin,MF,Villarreal,30,1991,20,8,830,9.2,2,1,3,2,0,0,3,0,0.3,0.3,0.8,1.1,14,56,39,0.22,0.11,0.33,0.22,0.33,0.03,0.08,0.12,0.03,0.12
Jesús Corona,"FW,DF",Sevilla,28,1993,18,12,"1,157",12.9,2,4,6,2,0,0,2,0,1.6,1.6,3.1,4.6,37,54,130,0.16,0.31,0.47,0.16,0.47,0.12,0.24,0.36,0.12,0.36
Ángel Correa,"FW,MF",Atletico Madrid,26,1995,36,21,"1,856",20.6,12,5,17,12,0,0,3,1,7.3,7.3,3.7,11,38,65,149,0.58,0.24,0.82,0.58,0.82,0.35,0.18,0.53,0.35,0.53
Thierry Correia,DF,Valencia,22,1999,19,18,"1,414",15.7,0,1,1,0,0,0,5,0,0.3,0.3,1.1,1.4,27,53,66,0,0.06,0.06,0,0.06,0.02,0.07,0.09,0.02,0.09
Hélder Costa,"MF,FW",Valencia,27,1994,22,13,"1,118",12.4,0,1,1,0,0,0,3,0,0.3,0.3,1.8,2.1,39,34,80,0,0.08,0.08,0,0.08,0.03,0.14,0.17,0.03,0.17
Jaume Costa,DF,Mallorca,33,1988,25,21,"1,828",20.3,0,4,4,0,0,0,5,1,0.8,0.8,2.4,3.2,39,68,108,0,0.2,0.2,0,0.2,0.04,0.12,0.16,0.04,0.16
Thibaut Courtois,GK,Real Madrid,29,1992,36,36,"3,240",36,0,0,0,0,0,0,1,0,0,0,0,0,0,1,0,0,0,0,0,0,0,0,0,0,0
Philippe Coutinho,"MF,FW",Barcelona,29,1992,12,5,503,5.6,2,0,2,1,1,1,1,0,3.1,2.3,0.3,2.5,22,35,49,0.36,0,0.36,0.18,0.18,0.55,0.04,0.6,0.41,0.46
Cristo,DF,Real Sociedad,21,2000,1,0,17,0.2,0,0,0,0,0,0,0,0,0,0,0.1,0.1,1,0,1,0,0,0,0,0,0.03,0.39,0.41,0.03,0.41
Juan Cruz Armada,DF,Osasuna,29,1992,23,22,"1,934",21.5,0,0,0,0,0,0,4,0,0.2,0.2,0,0.2,16,80,12,0,0,0,0,0,0.01,0,0.01,0.01,0.01
Marc Cucurella,"MF,DF",Getafe,23,1998,1,0,23,0.3,0,0,0,0,0,0,0,0,0.2,0.2,0.1,0.2,2,2,3,0,0,0,0,0,0.62,0.31,0.93,0.62,0.93
Jorge Cuenca,DF,Getafe,21,1999,32,31,"2,683",29.8,1,0,1,1,0,0,6,2,0.9,0.9,0.1,1,4,61,6,0.03,0,0.03,0.03,0.03,0.03,0,0.04,0.03,0.04
Matheus Cunha,FW,Atletico Madrid,22,1999,29,8,"1,063",11.8,6,4,10,6,0,0,3,0,5.8,5.8,2.2,8,16,20,61,0.51,0.34,0.85,0.51,0.85,0.49,0.19,0.68,0.49,0.68
Arnaut Danjuma,FW,Villarreal,24,1997,23,17,"1,472",16.4,10,3,13,7,3,3,1,0,11.9,9.5,2.2,11.7,71,27,172,0.61,0.18,0.79,0.43,0.61,0.73,0.14,0.86,0.58,0.72
Sergi Darder,MF,Espanyol,27,1993,36,36,"3,125",34.7,3,9,12,3,0,0,4,0,2.6,2.6,3.9,6.5,94,221,65,0.09,0.26,0.35,0.09,0.35,0.07,0.11,0.19,0.07,0.19
Rodrigo De Paul,MF,Atletico Madrid,27,1994,36,24,"2,151",23.9,3,1,4,3,0,0,7,0,1.6,1.6,4.6,6.2,65,162,53,0.13,0.04,0.17,0.13,0.17,0.07,0.19,0.26,0.07,0.26
Thomas Delaney,MF,Sevilla,29,1991,26,15,"1,549",17.2,2,1,3,2,0,0,4,1,1.2,1.2,0.8,2,14,64,17,0.12,0.06,0.17,0.12,0.17,0.07,0.04,0.11,0.07,0.11
Ousmane Dembélé,FW,Barcelona,24,1997,21,15,"1,409",15.7,1,13,14,1,0,0,3,0,2.6,2.6,8.3,10.9,128,70,201,0.06,0.83,0.89,0.06,0.89,0.17,0.53,0.7,0.17,0.7
Yusuf Demir,FW,Barcelona,18,2003,6,2,192,2.1,0,0,0,0,0,0,0,0,0.1,0.1,0,0.1,3,3,17,0,0,0,0,0,0.04,0,0.04,0.04,0.04
Sergiño Dest,"DF,FW",Barcelona,20,2000,21,17,"1,512",16.8,0,3,3,0,0,0,2,0,1.1,1.1,2.5,3.7,75,81,158,0,0.18,0.18,0,0.18,0.07,0.15,0.22,0.07,0.22
Boulaye Dia,FW,Villarreal,24,1996,25,13,"1,269",14.1,5,5,10,5,0,0,3,0,5.4,5.4,2.4,7.8,22,16,93,0.35,0.35,0.71,0.35,0.71,0.39,0.17,0.56,0.39,0.56
Mouctar Diakhaby,DF,Valencia,24,1996,29,21,"1,948",21.6,0,1,1,0,0,0,11,0,0.6,0.6,0.2,0.8,18,51,7,0,0.05,0.05,0,0.05,0.03,0.01,0.04,0.03,0.04
Javier Díaz,GK,Sevilla,24,1997,1,1,90,1,0,0,0,0,0,0,0,0,0,0,0,0,0,0,0,0,0,0,0,0,0,0,0,0,0
Víctor Díaz,DF,Granada,33,1988,22,18,"1,500",16.7,1,0,1,1,0,0,5,0,0.8,0.8,0.1,0.9,5,37,6,0.06,0,0.06,0.06,0.06,0.05,0.01,0.06,0.05,0.06
Landry Dimata,"FW,MF",Espanyol,23,1997,17,4,541,6,0,0,0,0,0,0,0,0,1.6,1.6,0.3,2,6,7,34,0,0,0,0,0,0.27,0.05,0.33,0.27,0.33
Stole Dimitrievski,GK,Rayo Vallecano,27,1993,31,30,"2,772",30.8,0,0,0,0,0,0,0,0,0,0,0,0,0,0,0,0,0,0,0,0,0,0,0,0,0
Matías Dituro,GK,Celta Vigo,34,1987,38,38,"3,420",38,0,0,0,0,0,0,1,0,0,0,0.1,0.1,0,2,0,0,0,0,0,0,0,0,0,0,0
Djené,DF,Getafe,29,1991,35,35,"3,115",34.6,0,1,1,0,0,0,11,1,0.1,0.1,0.4,0.6,24,89,9,0,0.03,0.03,0,0.03,0,0.01,0.02,0,0.02
Naïs Djouahra,"FW,MF",Real Sociedad,21,1999,7,1,219,2.4,0,0,0,0,0,0,0,0,0.3,0.3,0.5,0.7,14,5,18,0,0,0,0,0,0.11,0.21,0.32,0.11,0.32
Marko Dmitrović,GK,Sevilla,29,1992,6,6,540,6,0,0,0,0,0,0,0,0,0,0,0,0,0,0,0,0,0,0,0,0,0,0,0,0,0
Jaume Doménech,GK,Valencia,30,1990,4,3,343,3.8,0,0,0,0,0,0,1,0,0,0,0,0,0,0,0,0,0,0,0,0,0,0,0,0,0
Carlos Dominguez,DF,Celta Vigo,20,2001,8,3,344,3.8,0,0,0,0,0,0,1,0,0.1,0.1,0,0.1,3,9,0,0,0,0,0,0,0.03,0,0.03,0.03,0.03
Mario Dominguez,FW,Valencia,17,2004,2,0,25,0.3,0,0,0,0,0,0,0,0,0,0,0,0,0,0,1,0,0,0,0,0,0,0,0,0,0
John Donald,DF,Elche,20,2000,2,2,180,2,0,0,0,0,0,0,0,0,0.5,0.5,0.1,0.6,2,9,1,0,0,0,0,0,0.26,0.03,0.29,0.26,0.29
Domingos Duarte,DF,Granada,26,1995,21,19,"1,687",18.7,1,0,1,1,0,0,7,1,0.9,0.9,0.5,1.4,4,44,3,0.05,0,0.05,0.05,0.05,0.05,0.03,0.08,0.05,0.08
Óscar Duarte,DF,Levante,32,1989,23,20,"1,773",19.7,2,0,2,2,0,0,5,0,1.2,1.2,0.4,1.6,1,44,1,0.1,0,0.1,0.1,0.1,0.06,0.02,0.08,0.06,0.08
Rubén Duarte,DF,Alaves,25,1995,34,31,"2,621",29.1,0,4,4,0,0,0,12,1,0.4,0.4,2.5,2.8,35,85,46,0,0.14,0.14,0,0.14,0.01,0.09,0.1,0.01,0.1
Unai Dufur,DF,Osasuna,22,1999,1,1,90,1,0,0,0,0,0,0,0,0,0,0,0,0,0,3,0,0,0,0,0,0,0.02,0,0.02,0.02,0.02
Hugo Duro,"DF,MF",Getafe,21,1999,1,0,12,0.1,0,0,0,0,0,0,0,0,0.1,0.1,0,0.1,0,0,1,0,0,0,0,0,0.61,0,0.61,0.61,0.61
Hugo Duro,"FW,MF",Valencia,21,1999,30,22,"1,834",20.4,7,1,8,7,0,0,3,1,3.5,3.5,0.7,4.2,12,21,87,0.34,0.05,0.39,0.34,0.39,0.17,0.03,0.2,0.17,0.2
Aritz Elustondo,DF,Real Sociedad,27,1994,30,22,"2,105",23.4,4,1,5,4,0,0,3,1,1.6,1.6,0.1,1.7,20,85,12,0.17,0.04,0.21,0.17,0.21,0.07,0,0.07,0.07,0.07
Adri Embarba,"FW,MF",Espanyol,29,1992,32,24,"1,986",22.1,0,2,2,0,0,0,4,0,2.8,2.8,2.5,5.3,75,54,134,0,0.09,0.09,0,0.09,0.13,0.12,0.24,0.13,0.24
Emerson,DF,Barcelona,22,1999,3,1,91,1,0,0,0,0,0,0,0,0,0,0,0,0,0,2,4,0,0,0,0,0,0,0,0,0,0
Youssef En-Nesyri,FW,Sevilla,24,1997,23,15,"1,277",14.2,5,1,6,4,1,1,1,0,6.4,5.6,1.2,6.7,7,14,57,0.35,0.07,0.42,0.28,0.35,0.45,0.08,0.53,0.39,0.47
Gonzalo Escalante,MF,Alaves,28,1993,17,15,"1,300",14.4,5,0,5,5,0,0,8,1,3.2,3.2,0.2,3.4,7,41,15,0.35,0,0.35,0.35,0.35,0.22,0.01,0.23,0.22,0.23
Aarón Escandell,GK,Granada,25,1995,4,3,284,3.2,0,0,0,0,0,0,1,1,0,0,0,0,0,0,0,0,0,0,0,0,0,0,0,0,0
Sergio Escudero,"DF,MF",Granada,31,1989,27,15,"1,434",15.9,2,1,3,2,0,0,6,0,1.1,1.1,1.6,2.7,17,51,37,0.13,0.06,0.19,0.13,0.19,0.07,0.1,0.17,0.07,0.17
Alfonso Espino,DF,Cadiz,29,1992,37,37,"3,329",37,2,2,4,2,0,0,6,0,1.7,1.5,2.5,4,62,124,123,0.05,0.05,0.11,0.05,0.11,0.05,0.07,0.11,0.04,0.11
Estanis,FW,Barcelona,17,2003,1,0,11,0.1,0,0,0,0,0,0,0,0,0,0,0,0,0,0,0,0,0,0,0,0,0,0,0,0,0
Pervis Estupiñán,DF,Villarreal,23,1998,28,17,"1,575",17.5,0,1,1,0,0,0,3,0,0.8,0.8,2.5,3.3,50,70,148,0,0.06,0.06,0,0.06,0.04,0.14,0.19,0.04,0.19
Abdessamad Ezzalzouli,FW,Barcelona,19,2001,10,6,580,6.4,1,0,1,1,0,0,4,0,1.3,1.3,0.9,2.2,47,8,76,0.16,0,0.16,0.16,0.16,0.2,0.14,0.33,0.2,0.33
Radamel Falcao,FW,Rayo Vallecano,35,1986,22,8,838,9.3,6,0,6,6,0,0,1,0,4.9,4.9,0.3,5.2,8,15,38,0.64,0,0.64,0.64,0.64,0.53,0.03,0.56,0.53,0.56
Fali,"DF,MF",Cadiz,27,1993,28,23,"1,803",20,0,2,2,0,0,0,6,0,0.7,0.7,1.4,2,9,49,6,0,0.1,0.1,0,0.1,0.03,0.07,0.1,0.03,0.1
Omar Faraj,FW,Levante,19,2002,1,0,4,0,0,0,0,0,0,0,0,0,0,0,0,0,0,0,0,0,0,0,0,0,0,0,0,0,0
Ansu Fati,FW,Barcelona,18,2002,10,3,336,3.7,4,0,4,4,0,0,0,0,1.3,1.3,0.4,1.8,20,9,49,1.07,0,1.07,1.07,1.07,0.36,0.12,0.47,0.36,0.47
Aleix Febas,MF,Mallorca,25,1996,4,1,117,1.3,0,0,0,0,0,0,1,0,0,0,0.2,0.2,1,9,1,0,0,0,0,0,0,0.12,0.12,0,0.12
Nabil Fekir,MF,Betis,28,1993,34,33,"2,794",31,6,8,14,6,0,0,7,1,4.7,4.7,7,11.6,117,171,231,0.19,0.26,0.45,0.19,0.45,0.15,0.22,0.37,0.15,0.37
Felipe,DF,Atletico Madrid,32,1989,26,15,"1,504",16.7,2,1,3,2,0,0,5,1,0.7,0.7,0.4,1.1,5,32,2,0.12,0.06,0.18,0.12,0.18,0.04,0.02,0.07,0.04,0.07
João Félix,"FW,MF",Atletico Madrid,21,1999,24,13,"1,263",14,8,4,12,8,0,0,3,1,5.7,5.7,4.7,10.4,42,49,82,0.57,0.29,0.86,0.57,0.86,0.41,0.33,0.74,0.41,0.74
Aitor Fernández,GK,Levante,30,1991,13,13,"1,166",13,0,0,0,0,0,0,1,1,0,0,0,0,0,0,0,0,0,0,0,0,0,0,0,0,0
Álex Fernández,MF,Cadiz,28,1992,32,22,"2,051",22.8,3,2,5,2,1,2,2,0,3,1.5,1.3,2.7,48,122,44,0.13,0.09,0.22,0.09,0.18,0.13,0.06,0.19,0.06,0.12
Fernando,"MF,DF",Sevilla,34,1987,24,21,"1,850",20.6,1,1,2,1,0,0,6,0,1,1,0.4,1.4,15,86,11,0.05,0.05,0.1,0.05,0.1,0.05,0.02,0.07,0.05,0.07
Fidel,MF,Elche,31,1989,33,29,"2,261",25.1,5,6,11,4,1,1,9,0,2.8,2,4.4,6.4,64,135,136,0.2,0.24,0.44,0.16,0.4,0.11,0.17,0.28,0.08,0.25
José Fontán,DF,Celta Vigo,21,2000,9,3,276,3.1,0,0,0,0,0,0,3,0,0.2,0.2,0.1,0.3,3,7,4,0,0,0,0,0,0.06,0.03,0.08,0.06,0.08
Dimitri Foulquier,DF,Granada,28,1993,2,2,180,2,0,0,0,0,0,0,0,0,0,0,0,0,2,4,5,0,0,0,0,0,0,0.02,0.02,0,0.02
Dimitri Foulquier,DF,Valencia,28,1993,29,25,"2,342",26,0,1,1,0,0,0,11,0,0.6,0.6,0.6,1.2,39,80,31,0,0.04,0.04,0,0.04,0.02,0.02,0.05,0.02,0.05
Juan Foyth,DF,Villarreal,23,1998,25,22,"1,924",21.4,1,1,2,1,0,0,6,1,0.7,0.7,1.1,1.8,48,91,35,0.05,0.05,0.09,0.05,0.09,0.03,0.05,0.08,0.03,0.08
Enric Franquesa,"DF,FW",Levante,24,1997,16,6,625,6.9,0,0,0,0,0,0,1,0,0.1,0.1,0.1,0.2,17,15,36,0,0,0,0,0,0.02,0.02,0.04,0.02,0.04
Jorge de Frutos,"MF,FW",Levante,24,1997,25,20,"1,760",19.6,4,7,11,4,0,0,4,0,4.9,4.9,3.3,8.2,60,49,153,0.2,0.36,0.56,0.2,0.56,0.25,0.17,0.42,0.25,0.42
Javi Galán,DF,Celta Vigo,26,1994,37,37,"3,298",36.6,0,3,3,0,0,0,8,0,0.5,0.4,2.4,2.8,123,104,233,0,0.08,0.08,0,0.08,0.01,0.06,0.08,0.01,0.08
Iñigo Ruiz de Galarreta,MF,Mallorca,27,1993,22,17,"1,378",15.3,0,0,0,0,0,0,4,0,0.4,0.4,0.6,1,14,105,16,0,0,0,0,0,0.03,0.04,0.06,0.03,0.06
Thiago Galhardo,"FW,MF",Celta Vigo,32,1989,31,9,"1,148",12.8,2,2,4,2,0,0,5,0,3.4,3.4,1.9,5.3,14,23,61,0.16,0.16,0.31,0.16,0.31,0.27,0.15,0.41,0.27,0.41
Álvaro García,"FW,MF",Rayo Vallecano,28,1992,36,34,"2,998",33.3,7,4,11,7,0,0,6,0,5.3,5.3,4.7,9.9,124,86,293,0.21,0.12,0.33,0.21,0.33,0.16,0.14,0.3,0.16,0.3
Dani García,MF,Athletic Club,31,1990,32,27,"2,177",24.2,0,0,0,0,0,0,9,0,0.6,0.6,0.6,1.1,10,115,7,0,0,0,0,0,0.02,0.02,0.05,0.02,0.05
David García,DF,Osasuna,27,1994,35,35,"3,105",34.5,4,0,4,4,0,0,8,0,1.2,1.2,0.5,1.6,7,117,2,0.12,0,0.12,0.12,0.12,0.03,0.01,0.05,0.03,0.05
Eric García,DF,Barcelona,20,2001,26,23,"2,039",22.7,0,0,0,0,0,0,5,1,0.2,0.2,0.1,0.3,36,137,3,0,0,0,0,0,0.01,0,0.01,0.01,0.01
Fran Garcia,DF,Rayo Vallecano,21,1999,34,34,"3,025",33.6,1,0,1,1,0,0,4,0,0.9,0.9,1.7,2.6,140,133,141,0.03,0,0.03,0.03,0.03,0.03,0.05,0.08,0.03,0.08
Joan García,GK,Espanyol,20,2001,2,1,108,1.2,0,0,0,0,0,0,0,0,0,0,0,0,0,1,0,0,0,0,0,0,0,0,0,0,0
Manu García,MF,Alaves,23,1998,24,10,"1,077",12,0,1,1,0,0,0,3,0,0.3,0.3,1.1,1.4,23,79,30,0,0.08,0.08,0,0.08,0.03,0.09,0.12,0.03,0.12
Raúl García,FW,Athletic Club,35,1986,35,24,"1,802",20,6,2,8,6,0,1,3,0,6.1,5.3,2.7,8,12,87,113,0.3,0.1,0.4,0.3,0.4,0.3,0.13,0.44,0.26,0.4
Rubén García,"MF,FW",Osasuna,28,1993,37,30,"2,375",26.4,1,6,7,1,0,2,1,0,3.1,1.6,3.4,4.9,39,96,199,0.04,0.23,0.27,0.04,0.27,0.12,0.13,0.25,0.06,0.19
Saúl García,MF,Alaves,26,1994,1,0,4,0,0,0,0,0,0,0,0,0,0,0,0,0,0,0,0,0,0,0,0,0,0,0,0,0,0
Unai García,DF,Osasuna,29,1992,18,15,"1,408",15.6,0,0,0,0,0,0,5,0,0.3,0.3,0.1,0.4,12,37,5,0,0,0,0,0,0.02,0.01,0.03,0.02,0.03
Mario Gaspar,DF,Villarreal,30,1990,12,7,623,6.9,0,0,0,0,0,0,1,0,0.3,0.3,0.6,0.9,6,22,22,0,0,0,0,0,0.05,0.08,0.13,0.05,0.13
Gavi,"MF,FW",Barcelona,16,2004,34,28,"2,316",25.7,2,5,7,2,0,0,11,1,3.6,3.6,3.2,6.8,72,115,160,0.08,0.19,0.27,0.08,0.27,0.14,0.12,0.26,0.14,0.26
Bryan Gil,"MF,FW",Valencia,20,2001,13,9,753,8.4,0,1,1,0,0,0,3,0,1.4,1.4,1.5,2.8,22,26,64,0,0.12,0.12,0,0.12,0.16,0.18,0.34,0.16,0.34
Óscar Gil,DF,Espanyol,24,1997,22,20,"1,688",18.8,0,2,2,0,0,0,7,0,0.2,0.2,2,2.2,23,30,75,0,0.11,0.11,0,0.11,0.01,0.11,0.12,0.01,0.12
Mario Gila,DF,Real Madrid,20,2000,2,0,25,0.3,0,0,0,0,0,0,0,0,0,0,0,0,0,1,0,0,0,0,0,0,0,0,0,0,0
Dani Gómez,FW,Levante,23,1998,28,11,"1,063",11.8,4,2,6,4,0,0,1,0,4.7,4.7,2.2,6.9,22,15,87,0.34,0.17,0.51,0.34,0.51,0.4,0.19,0.58,0.4,0.58
Maxi Gómez,FW,Valencia,24,1996,29,21,"1,956",21.7,5,1,6,5,0,0,7,1,4.8,4.8,1.9,6.7,22,32,91,0.23,0.05,0.28,0.23,0.28,0.22,0.09,0.31,0.22,0.31
Moi Gómez,"MF,FW",Villarreal,27,1994,29,13,"1,286",14.3,2,2,4,2,0,0,2,0,2.6,2.6,2.7,5.3,26,71,83,0.14,0.14,0.28,0.14,0.28,0.18,0.19,0.37,0.18,0.37
Papu Gómez,"FW,MF",Sevilla,33,1988,29,19,"1,784",19.8,5,1,6,5,0,0,4,0,2,2,1.9,3.8,91,105,92,0.25,0.05,0.3,0.25,0.3,0.1,0.09,0.2,0.1,0.19
Sergi Gómez,DF,Espanyol,29,1992,31,31,"2,720",30.2,1,2,3,1,0,0,1,1,0.4,0.4,1.2,1.6,4,43,1,0.03,0.07,0.1,0.03,0.1,0.01,0.04,0.05,0.01,0.05
Victor Gomez,DF,Espanyol,21,2000,1,0,4,0,0,0,0,0,0,0,0,0,0,0,0,0,0,0,0,0,0,0,0,0,0,0,0,0,0
Maxime Gonalons,MF,Granada,32,1989,25,20,"1,550",17.2,0,2,2,0,0,0,6,0,0.3,0.3,0.7,0.9,13,73,6,0,0.12,0.12,0,0.12,0.02,0.04,0.05,0.02,0.05
Diego González,DF,Elche,26,1995,28,19,"1,793",19.9,0,0,0,0,0,0,3,1,0.3,0.3,0,0.3,6,17,1,0,0,0,0,0,0.01,0,0.01,0.01,0.01
Édgar González,DF,Betis,24,1997,21,14,"1,464",16.3,1,1,2,1,0,0,6,0,1.1,1.1,0.8,1.9,5,39,2,0.06,0.06,0.12,0.06,0.12,0.07,0.05,0.11,0.07,0.11
Giovanni González,DF,Mallorca,26,1994,9,3,365,4.1,1,0,1,1,0,0,1,0,0.3,0.3,0.9,1.2,6,13,20,0.25,0,0.25,0.25,0.25,0.09,0.22,0.3,0.09,0.3
Nicolás González,MF,Barcelona,19,2002,27,12,"1,114",12.4,2,1,3,2,0,0,6,0,1.4,1.4,0.8,2.2,37,65,45,0.16,0.08,0.24,0.16,0.24,0.11,0.07,0.18,0.11,0.18
Peter González,"MF,DF",Real Madrid,19,2002,3,0,27,0.3,0,0,0,0,0,0,0,0,0.1,0.1,0.2,0.3,3,1,3,0,0,0,0,0,0.22,0.7,0.92,0.22,0.92
Roberto González,"FW,MF",Betis,20,2001,4,1,135,1.5,0,0,0,0,0,0,0,0,0.1,0.1,0,0.1,1,3,8,0,0,0,0,0,0.05,0.03,0.08,0.05,0.08
Gori,MF,Espanyol,19,2002,1,0,9,0.1,0,0,0,0,0,0,1,0,0,0,0.1,0.1,1,2,0,0,0,0,0,0,0,0.5,0.5,0,0.5
Andoni Gorosabel,DF,Real Sociedad,24,1996,32,25,"2,289",25.4,0,4,4,0,0,0,4,0,0.5,0.5,2.7,3.2,51,99,110,0,0.16,0.16,0,0.16,0.02,0.11,0.13,0.02,0.13
Jaume Grau,MF,Osasuna,24,1997,1,0,3,0,0,0,0,0,0,0,0,0,0,0,0,0,0,0,0,0,0,0,0,0,0,0,0,0,0
Dominik Greif,GK,Mallorca,24,1997,1,1,90,1,0,0,0,0,0,0,0,0,0,0,0,0,0,0,0,0,0,0,0,0,0,0,0,0,0
Clément Grenier,MF,Mallorca,30,1991,5,0,60,0.7,1,0,1,1,0,0,1,0,0.6,0.6,0,0.6,1,2,2,1.5,0,1.5,1.5,1.5,0.92,0.02,0.94,0.92,0.94
Antoine Griezmann,FW,Barcelona,30,1991,3,3,263,2.9,0,0,0,0,0,0,0,0,0.3,0.3,0,0.3,5,11,15,0,0,0,0,0,0.09,0,0.09,0.09,0.09
Antoine Griezmann,"FW,MF",Atletico Madrid,30,1991,26,21,"1,695",18.8,3,4,7,3,0,0,3,0,5.1,5.1,3.1,8.2,39,53,126,0.16,0.21,0.37,0.16,0.37,0.27,0.17,0.44,0.27,0.44
Andrés Guardado,MF,Betis,34,1986,28,17,"1,393",15.5,0,1,1,0,0,0,4,0,0.9,0.9,0.4,1.2,13,95,17,0,0.06,0.06,0,0.06,0.06,0.02,0.08,0.06,0.08
Sergi Guardiola,FW,Rayo Vallecano,30,1991,32,20,"1,710",19,8,2,10,7,1,1,3,0,7.1,6.3,2,8.3,23,32,114,0.42,0.11,0.53,0.37,0.47,0.37,0.1,0.48,0.33,0.44
Nemanja Gudelj,"DF,MF",Sevilla,29,1991,21,9,"1,046",11.6,0,0,0,0,0,0,5,0,0.1,0.1,0.1,0.2,6,20,5,0,0,0,0,0,0.01,0.01,0.02,0.01,0.02
Gonçalo Guedes,"FW,MF",Valencia,24,1996,36,30,"2,606",29,11,6,17,10,1,2,3,0,6.4,4.7,4,8.7,93,120,245,0.38,0.21,0.59,0.35,0.55,0.22,0.14,0.36,0.16,0.3
Ander Guevara,MF,Real Sociedad,24,1997,17,11,867,9.6,0,0,0,0,0,0,2,0,0.1,0.1,0.3,0.4,8,48,11,0,0,0,0,0,0.01,0.03,0.04,0.01,0.04
John Guidetti,"FW,MF",Alaves,29,1992,10,2,279,3.1,0,0,0,0,0,0,2,0,1,1,0.2,1.1,1,3,21,0,0,0,0,0,0.31,0.06,0.37,0.31,0.37
Gerard Gumbau,MF,Elche,26,1994,31,20,"1,890",21,0,4,4,0,0,0,8,1,0.7,0.7,2.8,3.5,17,85,16,0,0.19,0.19,0,0.19,0.04,0.13,0.17,0.04,0.17
Jon Guridi,MF,Real Sociedad,26,1995,8,1,206,2.3,1,0,1,1,0,0,0,0,0.9,0.9,0.1,1,3,8,5,0.44,0,0.44,0.44,0.44,0.39,0.06,0.45,0.39,0.45
Raúl Guti,MF,Elche,24,1996,31,17,"1,627",18.1,0,0,0,0,0,0,4,1,1.2,1.2,0.3,1.5,21,76,25,0,0,0,0,0,0.07,0.02,0.08,0.07,0.08
Marcos Mauro López Gutiérrez,DF,Cadiz,30,1991,3,1,136,1.5,0,0,0,0,0,0,1,0,0,0,0,0,0,2,0,0,0,0,0,0,0,0,0,0,0
Miguel Gutiérrez,DF,Real Madrid,20,2001,3,3,260,2.9,0,1,1,0,0,0,1,0,0,0,0.4,0.4,9,18,10,0,0.35,0.35,0,0.35,0,0.14,0.14,0,0.14
Munir El Haddadi,"FW,MF",Sevilla,25,1995,16,4,474,5.3,2,0,2,2,0,0,3,0,1.4,1.4,0.6,1.9,3,15,28,0.38,0,0.38,0.38,0.38,0.26,0.11,0.36,0.26,0.36
Varazdat Haroyan,DF,Cadiz,28,1992,17,16,"1,437",16,1,0,1,1,0,0,9,0,0.7,0.7,0.1,0.8,5,22,5,0.06,0,0.06,0.06,0.06,0.05,0.01,0.05,0.05,0.05
Eden Hazard,"FW,MF",Real Madrid,30,1991,18,7,717,8,0,1,1,0,0,0,3,0,1,1,2,3,41,34,99,0,0.13,0.13,0,0.13,0.13,0.25,0.38,0.13,0.38
Kike Hermoso,DF,Betis,21,1999,1,1,90,1,1,0,1,1,0,0,0,0,0.2,0.2,0,0.2,1,0,0,1,0,1,1,1,0.18,0,0.18,0.18,0.18
Mario Hermoso,DF,Atletico Madrid,26,1995,26,21,"1,865",20.7,2,1,3,2,0,0,6,1,2.2,2.2,0.8,2.9,38,123,21,0.1,0.05,0.14,0.1,0.14,0.1,0.04,0.14,0.1,0.14
Aridane Hernández,DF,Osasuna,32,1989,15,12,"1,159",12.9,0,0,0,0,0,0,1,0,0.1,0.1,0.1,0.2,1,32,1,0,0,0,0,0,0.01,0,0.01,0.01,0.01
Luis Hernández,DF,Cadiz,32,1989,16,15,"1,366",15.2,0,0,0,0,0,0,5,0,0.5,0.5,0.2,0.7,7,58,4,0,0,0,0,0,0.03,0.01,0.05,0.03,0.05
Mario Hernández,"DF,FW",Rayo Vallecano,22,1999,9,5,395,4.4,1,0,1,1,0,0,3,0,0.2,0.2,0,0.3,4,15,10,0.23,0,0.23,0.23,0.23,0.06,0.01,0.06,0.06,0.06
Héctor Herrera,MF,Atletico Madrid,31,1990,21,8,859,9.5,0,0,0,0,0,0,4,0,0.4,0.4,0.5,0.8,14,60,15,0,0,0,0,0,0.04,0.05,0.09,0.04,0.09
Sergio Herrera,GK,Osasuna,28,1993,36,36,"3,240",36,0,0,0,0,0,0,3,0,0,0,0,0,0,0,0,0,0,0,0,0,0,0,0,0,0
Yangel Herrera,MF,Espanyol,23,1998,23,19,"1,645",18.3,1,1,2,1,0,0,7,1,1.1,1.1,0.7,1.8,12,74,34,0.05,0.05,0.11,0.05,0.11,0.06,0.04,0.1,0.06,0.1
Matthew Hoppe,"FW,MF",Mallorca,20,2001,5,1,131,1.5,0,1,1,0,0,0,0,0,0.2,0.2,0.1,0.3,0,1,9,0,0.69,0.69,0,0.69,0.1,0.08,0.18,0.1,0.18
Robert Ibáñez,"MF,FW",Osasuna,28,1993,4,1,93,1,0,0,0,0,0,0,0,0,0.2,0.2,0.3,0.5,1,7,9,0,0,0,0,0,0.23,0.28,0.51,0.23,0.51
Vicente Iborra,MF,Villarreal,33,1988,20,12,"1,034",11.5,0,1,1,0,0,0,4,0,0.7,0.7,0.4,1,5,48,7,0,0.09,0.09,0,0.09,0.06,0.03,0.09,0.06,0.09
Oussama Idrissi,"MF,FW",Sevilla,25,1996,5,2,127,1.4,0,0,0,0,0,0,1,0,0.1,0.1,0.1,0.2,3,5,16,0,0,0,0,0,0.1,0.05,0.15,0.1,0.15
Oussama Idrissi,MF,Cadiz,25,1996,12,11,902,10,1,1,2,1,0,0,2,0,2,2,1.8,3.8,37,35,83,0.1,0.1,0.2,0.1,0.2,0.2,0.18,0.38,0.2,0.38
Iglesias,DF,Getafe,23,1998,20,7,719,8,0,1,1,0,0,0,1,0,0.1,0.1,0.9,0.9,15,15,24,0,0.13,0.13,0,0.13,0.01,0.11,0.12,0.01,0.12
Borja Iglesias,FW,Betis,28,1993,33,18,"1,573",17.5,10,0,10,7,3,3,4,0,7.7,5.3,2.7,8,18,29,102,0.57,0,0.57,0.4,0.4,0.44,0.15,0.59,0.31,0.46
Asier Illarramendi,MF,Real Sociedad,31,1990,8,6,374,4.2,0,0,0,0,0,0,1,0,0,0,0.3,0.3,0,19,5,0,0,0,0,0,0,0.07,0.07,0,0.07
Nikita Iosifov,MF,Villarreal,20,2001,1,0,1,0,0,0,0,0,0,0,0,0,0,0,0,0,0,0,3,0,0,0,0,0,0,0,0,0,0
Alexander Isak,FW,Real Sociedad,21,1999,32,26,"2,140",23.8,6,2,8,4,2,2,6,0,9.8,8.2,3.2,11.4,58,43,160,0.25,0.08,0.34,0.17,0.25,0.41,0.13,0.55,0.35,0.48
Isco,"MF,FW",Real Madrid,29,1992,14,3,331,3.7,1,0,1,1,0,0,1,0,0.7,0.7,1.4,2.2,16,42,17,0.27,0,0.27,0.27,0.27,0.2,0.39,0.59,0.2,0.59
Nicolas Jackson,"FW,MF",Villarreal,20,2001,9,0,165,1.8,0,0,0,0,0,0,1,0,1,1,0.5,1.4,6,4,20,0,0,0,0,0,0.52,0.26,0.78,0.52,0.78
Jakub Jankto,"DF,MF",Getafe,25,1996,14,6,587,6.5,0,2,2,0,0,0,1,1,0.2,0.2,1.4,1.6,8,20,32,0,0.31,0.31,0,0.31,0.03,0.22,0.25,0.03,0.25
Adnan Januzaj,"FW,MF",Real Sociedad,26,1995,33,17,"1,625",18.1,3,0,3,1,2,2,5,0,4.1,2.5,2.9,5.4,65,80,140,0.17,0,0.17,0.06,0.06,0.23,0.16,0.39,0.14,0.3
Jason,"MF,FW",Alaves,27,1994,14,10,678,7.5,0,1,1,0,0,0,1,0,0.9,0.9,1.7,2.6,11,10,31,0,0.13,0.13,0,0.13,0.13,0.22,0.35,0.13,0.35
Jason,"MF,DF",Valencia,27,1994,5,1,75,0.8,0,0,0,0,0,0,2,0,0.1,0.1,0.2,0.3,4,4,6,0,0,0,0,0,0.07,0.29,0.36,0.07,0.36
Luis Javier Suárez,FW,Granada,23,1997,37,34,"2,844",31.6,8,4,12,8,0,1,6,0,9.8,9.1,3.1,12.2,62,63,196,0.25,0.13,0.38,0.25,0.38,0.31,0.1,0.41,0.29,0.39
Álvaro Jiménez,"MF,FW",Cadiz,26,1995,9,1,234,2.6,0,0,0,0,0,0,0,0,0.1,0.1,0.1,0.2,11,5,19,0,0,0,0,0,0.03,0.05,0.08,0.03,0.08
Joaquín,"FW,MF",Betis,40,1981,21,2,471,5.2,0,1,1,0,0,0,0,0,2,2,1.4,3.4,31,28,46,0,0.19,0.19,0,0.19,0.38,0.28,0.65,0.38,0.65
Jofre,"MF,DF",Espanyol,20,2001,3,0,20,0.2,0,1,1,0,0,0,0,0,0,0,0.4,0.4,1,0,7,0,4.5,4.5,0,4.5,0,2.01,2.01,0,2.01
Frenkie de Jong,MF,Barcelona,24,1997,32,30,"2,476",27.5,3,3,6,3,0,0,7,1,4.8,4.8,3.4,8.2,78,206,121,0.11,0.11,0.22,0.11,0.22,0.18,0.12,0.3,0.18,0.3
Luuk de Jong,FW,Barcelona,30,1990,21,6,654,7.3,6,0,6,6,0,0,1,0,4.6,4.6,0.2,4.8,4,9,48,0.83,0,0.83,0.83,0.83,0.63,0.03,0.67,0.63,0.67
Joan Jordán,MF,Sevilla,27,1994,36,31,"2,514",27.9,0,1,1,0,0,0,9,0,0.8,0.8,1.6,2.5,17,170,64,0,0.04,0.04,0,0.04,0.03,0.06,0.09,0.03,0.09
Josan,"DF,MF",Elche,31,1989,31,10,"1,211",13.5,2,3,5,2,0,0,2,0,1,1,3.2,4.3,42,38,82,0.15,0.22,0.37,0.15,0.37,0.08,0.24,0.32,0.08,0.32
Willian José,FW,Betis,29,1991,32,19,"1,604",17.8,8,4,12,5,3,3,2,0,6.1,3.7,3,6.7,18,38,100,0.45,0.22,0.67,0.28,0.5,0.34,0.17,0.51,0.21,0.37
Joselu,FW,Alaves,31,1990,37,35,"3,122",34.7,14,4,18,8,6,7,0,0,12.9,7.4,4.5,11.9,27,108,137,0.4,0.12,0.52,0.23,0.35,0.37,0.13,0.5,0.21,0.34
Josema,DF,Elche,25,1996,6,1,183,2,0,0,0,0,0,0,0,0,0,0,0.1,0.1,1,2,0,0,0,0,0,0,0,0.05,0.05,0,0.05
Luka Jović,FW,Real Madrid,23,1997,15,1,369,4.1,1,3,4,1,0,0,1,0,2.3,2.3,0.8,3.1,4,7,17,0.24,0.73,0.98,0.24,0.98,0.56,0.2,0.76,0.56,0.76
Miguel Juan Llambrich,DF,Espanyol,25,1996,2,1,70,0.8,0,0,0,0,0,0,0,0,0,0,0,0,1,1,7,0,0,0,0,0,0,0,0,0,0
José Juan Macías,"FW,MF",Getafe,21,1999,7,2,201,2.2,0,0,0,0,0,0,1,0,0.1,0.1,0,0.1,1,5,19,0,0,0,0,0,0.06,0,0.06,0.06,0.06
Juanmi,FW,Betis,28,1993,33,26,"2,131",23.7,16,4,20,16,0,0,5,0,11.1,11.1,2.9,14,26,38,107,0.68,0.17,0.84,0.68,0.84,0.47,0.12,0.59,0.47,0.59
Lago Junior,"FW,MF",Mallorca,30,1990,6,1,177,2,0,0,0,0,0,0,0,0,0.6,0.6,0,0.6,13,3,17,0,0,0,0,0,0.28,0,0.28,0.28,0.28
Vinicius Júnior,FW,Real Madrid,21,2000,35,30,"2,690",29.9,17,10,27,17,0,0,6,0,12.3,12.3,8,20.3,225,123,485,0.57,0.33,0.9,0.57,0.9,0.41,0.27,0.68,0.41,0.68
Jutglà,FW,Barcelona,22,1999,6,4,301,3.3,1,0,1,1,0,0,1,0,1.6,1.6,0.2,1.8,10,4,38,0.3,0,0.3,0.3,0.3,0.48,0.07,0.55,0.48,0.55
Jens Jønsson,MF,Cadiz,28,1993,22,17,"1,303",14.5,0,1,1,0,0,0,3,0,0.4,0.4,0.9,1.3,4,20,13,0,0.07,0.07,0,0.07,0.03,0.06,0.09,0.03,0.09
Lee Kang-in,"MF,FW",Mallorca,20,2001,30,15,"1,411",15.7,1,2,3,1,0,0,4,1,1.5,1.5,2.1,3.6,32,48,64,0.06,0.13,0.19,0.06,0.19,0.09,0.13,0.23,0.09,0.23
Kiké,FW,Osasuna,31,1989,33,18,"1,862",20.7,5,1,6,4,1,1,2,0,6.7,5.9,2,8,26,36,144,0.24,0.05,0.29,0.19,0.24,0.32,0.1,0.42,0.29,0.38
Koba Koindredi,MF,Valencia,19,2001,10,1,181,2,0,0,0,0,0,0,1,0,0,0,0.1,0.1,2,5,5,0,0,0,0,0,0.01,0.06,0.07,0.01,0.07
Koke,MF,Atletico Madrid,29,1992,31,29,"2,508",27.9,1,2,3,1,0,0,6,0,1,1,1.5,2.4,28,197,53,0.04,0.07,0.11,0.04,0.11,0.03,0.05,0.09,0.03,0.09
Luca Koleosho,FW,Espanyol,16,2004,1,0,1,0,0,0,0,0,0,0,0,0,0,0,0,0,0,1,0,0,0,0,0,0,0,0,0,0,0
Geoffrey Kondogbia,"MF,DF",Atletico Madrid,28,1993,28,21,"1,882",20.9,1,2,3,1,0,0,13,2,0.4,0.4,0.9,1.3,11,76,7,0.05,0.1,0.14,0.05,0.14,0.02,0.04,0.06,0.02,0.06
Jules Koundé,DF,Sevilla,22,1998,32,31,"2,736",30.4,2,1,3,2,0,0,2,2,1.1,1.1,2.3,3.4,48,168,35,0.07,0.03,0.1,0.07,0.1,0.04,0.08,0.11,0.04,0.11
Toni Kroos,MF,Real Madrid,31,1990,28,25,"2,103",23.4,1,3,4,1,0,0,4,0,2.2,2.2,3.2,5.4,40,277,38,0.04,0.13,0.17,0.04,0.17,0.09,0.14,0.23,0.09,0.23
Takefusa Kubo,"FW,MF",Mallorca,20,2001,28,17,"1,605",17.8,1,0,1,1,0,0,4,0,2.8,2.8,3,5.7,65,68,107,0.06,0,0.06,0.06,0.06,0.15,0.17,0.32,0.15,0.32
Víctor Laguardia,DF,Alaves,31,1989,34,34,"3,042",33.8,3,2,5,3,0,0,9,0,2,2,0.9,2.9,2,72,3,0.09,0.06,0.15,0.09,0.15,0.06,0.03,0.09,0.06,0.09
Diego Lainez,FW,Betis,21,2000,7,1,140,1.6,0,0,0,0,0,0,0,0,0.1,0.1,0.4,0.5,4,3,11,0,0,0,0,0,0.06,0.23,0.3,0.06,0.3
Érik Lamela,"FW,MF",Sevilla,29,1992,20,10,"1,015",11.3,5,2,7,5,0,0,5,0,3.1,3.1,1.7,4.8,26,62,90,0.44,0.18,0.62,0.44,0.62,0.27,0.15,0.42,0.27,0.42
Juanmi Latasa,FW,Real Madrid,20,2001,1,0,9,0.1,0,0,0,0,0,0,0,0,0.1,0.1,0,0.1,0,0,1,0,0,0,0,0,0.64,0,0.64,0.64,0.64
Toni Lato,DF,Valencia,23,1997,11,7,590,6.6,0,1,1,0,0,0,5,0,0,0,0.5,0.5,8,29,17,0,0.15,0.15,0,0.15,0,0.08,0.08,0,0.08
Robin Le Normand,DF,Real Sociedad,24,1996,37,37,"3,330",37,1,1,2,1,0,0,6,0,1.5,1.5,0.5,2,27,115,4,0.03,0.03,0.05,0.03,0.05,0.04,0.01,0.05,0.04,0.05
Jeremías Ledesma,GK,Cadiz,28,1993,38,38,"3,420",38,0,0,0,0,0,0,4,0,0,0,0,0,0,0,0,0,0,0,0,0,0,0,0,0,0
Wu Lei,"FW,MF",Espanyol,29,1991,23,4,474,5.3,1,0,1,1,0,0,0,0,1.1,1.1,0.9,1.9,8,6,21,0.19,0,0.19,0.19,0.19,0.2,0.17,0.37,0.2,0.37
Florian Lejeune,DF,Alaves,30,1991,30,30,"2,699",30,0,0,0,0,0,0,9,1,1.5,1.5,0.2,1.7,6,74,4,0,0,0,0,0,0.05,0.01,0.06,0.05,0.06
Iñigo Lekue,DF,Athletic Club,28,1993,25,22,"1,925",21.4,0,2,2,0,0,0,3,0,0.1,0.1,2.3,2.5,52,84,72,0,0.09,0.09,0,0.09,0.01,0.11,0.11,0.01,0.11
Thomas Lemar,MF,Atletico Madrid,25,1995,24,17,"1,440",16,4,5,9,4,0,0,2,0,3.4,3.4,3.3,6.8,54,95,92,0.25,0.31,0.56,0.25,0.56,0.21,0.21,0.42,0.21,0.42
Ruben Lendinez,DF,Valencia,18,2003,4,1,137,1.5,0,0,0,0,0,0,2,0,0,0,0,0,0,7,0,0,0,0,0,0,0.01,0,0.01,0.01,0.01
Clément Lenglet,DF,Barcelona,26,1995,21,7,826,9.2,0,1,1,0,0,0,4,0,0.2,0.2,0.3,0.5,19,80,1,0,0.11,0.11,0,0.11,0.02,0.04,0.05,0.02,0.05
Javier Llabrés,"FW,MF",Mallorca,18,2002,5,1,132,1.5,0,0,0,0,0,0,0,0,0.1,0.1,0.1,0.2,3,5,15,0,0,0,0,0,0.08,0.09,0.17,0.08,0.17
Marcos Llorente,"MF,DF",Atletico Madrid,26,1995,29,29,"2,447",27.2,0,2,2,0,0,0,5,0,0.7,0.7,2.6,3.3,63,81,181,0,0.07,0.07,0,0.07,0.02,0.1,0.12,0.02,0.12
Giovani Lo Celso,"FW,MF",Villarreal,25,1996,16,11,994,11,1,1,2,1,0,0,3,0,1.1,1.1,2.4,3.5,33,68,71,0.09,0.09,0.18,0.09,0.18,0.1,0.22,0.32,0.1,0.32
Julen Lobete,"FW,MF",Real Sociedad,20,2000,13,2,284,3.2,2,0,2,2,0,0,0,0,1,1,0,1,3,4,29,0.63,0,0.63,0.63,0.63,0.33,0.01,0.33,0.33,0.33
Renan Lodi,DF,Atletico Madrid,23,1998,29,13,"1,181",13.1,2,2,4,2,0,0,4,0,0.7,0.7,1.8,2.5,39,32,88,0.15,0.15,0.3,0.15,0.3,0.05,0.14,0.19,0.05,0.19
David López,"MF,DF",Espanyol,31,1989,18,8,743,8.3,0,0,0,0,0,0,1,0,0.4,0.4,0.4,0.8,2,23,6,0,0,0,0,0,0.05,0.04,0.1,0.05,0.1
Diego López,GK,Espanyol,39,1981,36,36,"3,177",35.3,0,0,0,0,0,0,4,0,0,0,0,0,0,0,0,0,0,0,0,0,0,0,0,0,0
Javi López,DF,Alaves,19,2002,9,4,462,5.1,0,0,0,0,0,0,2,0,0,0,0.4,0.4,6,13,18,0,0,0,0,0,0,0.08,0.08,0,0.08
Unai López,MF,Rayo Vallecano,25,1995,27,13,"1,160",12.9,0,0,0,0,0,0,5,0,1.1,1.1,1.4,2.6,16,68,36,0,0,0,0,0,0.09,0.11,0.2,0.09,0.2
Anthony Lozano,"FW,MF",Cadiz,28,1993,31,21,"1,672",18.6,7,2,9,7,0,0,8,0,5.1,5,0.9,5.9,43,25,84,0.38,0.11,0.48,0.38,0.48,0.27,0.05,0.32,0.27,0.32
Florentino Luís,MF,Getafe,21,1999,22,9,992,11,0,1,1,0,0,0,2,0,0.1,0.1,0.3,0.4,3,33,11,0,0.09,0.09,0,0.09,0.01,0.03,0.03,0.01,0.03
José Luis Gayà,DF,Valencia,26,1995,24,22,"1,871",20.8,2,4,6,2,0,0,8,2,1.2,1.2,2.6,3.8,36,67,92,0.1,0.19,0.29,0.1,0.29,0.06,0.12,0.18,0.06,0.18
José Luis Morales,"FW,MF",Levante,34,1987,35,31,"2,719",30.2,13,7,20,10,3,5,7,0,14.3,10.4,5.2,15.6,100,97,241,0.43,0.23,0.66,0.33,0.56,0.47,0.17,0.65,0.34,0.52
Luismi,"FW,MF",Sevilla,20,2001,2,0,13,0.1,0,0,0,0,0,0,0,0,0,0,0,0,0,1,0,0,0,0,0,0,0,0,0,0,0
Andriy Lunin,GK,Real Madrid,22,1999,2,2,180,2,0,0,0,0,0,0,0,0,0,0,0,0,0,0,0,0,0,0,0,0,0,0,0,0,0
Darwin Machís,"MF,FW",Granada,28,1993,25,16,"1,376",15.3,4,2,6,4,0,0,2,0,1.8,1.8,2.3,4.1,51,35,97,0.26,0.13,0.39,0.26,0.39,0.12,0.15,0.27,0.12,0.27
Pablo Maffeo,DF,Mallorca,24,1997,35,35,"2,945",32.7,1,4,5,1,0,0,10,0,1.7,1.7,2.1,3.8,72,53,108,0.03,0.12,0.15,0.03,0.15,0.05,0.06,0.12,0.05,0.12
Nemanja Maksimović,MF,Getafe,26,1995,35,34,"2,936",32.6,1,2,3,1,0,0,5,0,2.6,2.6,0.8,3.4,28,51,44,0.03,0.06,0.09,0.03,0.09,0.08,0.03,0.1,0.08,0.1
Hugo Mallo,DF,Celta Vigo,30,1991,21,21,"1,826",20.3,1,1,2,1,0,0,5,2,0.9,0.9,2.7,3.6,38,90,136,0.05,0.05,0.1,0.05,0.1,0.04,0.14,0.18,0.04,0.18
Mickael Malsa,MF,Levante,25,1995,26,11,"1,143",12.7,1,2,3,1,0,0,7,0,1.1,1.1,1.7,2.8,7,53,11,0.08,0.16,0.24,0.08,0.24,0.09,0.13,0.22,0.09,0.22
Giorgi Mamardashvili,GK,Valencia,20,2000,18,18,"1,620",18,0,0,0,0,0,0,2,0,0,0,0,0,0,0,0,0,0,0,0,0,0,0,0,0,0
Reinildo Mandava,DF,Atletico Madrid,27,1994,17,15,"1,298",14.4,0,0,0,0,0,0,5,0,0.5,0.5,0.1,0.5,15,43,25,0,0,0,0,0,0.03,0.01,0.04,0.03,0.04
Aïssa Mandi,DF,Villarreal,29,1991,17,14,"1,375",15.3,1,0,1,1,0,0,3,0,2.3,2.3,0.1,2.3,7,54,2,0.07,0,0.07,0.07,0.07,0.15,0,0.15,0.15,0.15
Nikola Maraš,DF,Rayo Vallecano,25,1995,16,11,"1,044",11.6,0,0,0,0,0,0,4,0,0,0,0.1,0.1,5,22,0,0,0,0,0,0,0,0.01,0.01,0,0.01
Marcelo,DF,Real Madrid,33,1988,12,5,525,5.8,0,2,2,0,0,0,0,0,0.2,0.2,0.7,0.9,17,47,47,0,0.34,0.34,0,0.34,0.04,0.11,0.15,0.04,0.15
Iván Marcone,MF,Elche,31,1990,20,10,809,9,0,0,0,0,0,0,5,0,0.1,0.1,0,0.1,1,28,2,0,0,0,0,0,0.01,0,0.01,0.01,0.01
Óscar de Marcos,DF,Athletic Club,32,1989,22,19,"1,679",18.7,1,2,3,1,0,0,5,0,0.3,0.3,2.1,2.4,42,92,91,0.05,0.11,0.16,0.05,0.16,0.01,0.12,0.13,0.01,0.13
José Mari,MF,Cadiz,33,1987,11,4,386,4.3,0,0,0,0,0,0,3,1,0.3,0.3,0,0.4,8,25,5,0,0,0,0,0,0.08,0,0.08,0.08,0.08
José María Giménez,DF,Atletico Madrid,26,1995,24,24,"2,042",22.7,1,1,2,1,0,0,7,0,1.7,1.7,0.9,2.6,5,44,2,0.04,0.04,0.09,0.04,0.09,0.08,0.04,0.11,0.08,0.11
Mariano,FW,Real Madrid,27,1993,9,3,342,3.8,1,1,2,1,0,0,2,0,1.8,1.8,0.8,2.6,10,5,19,0.26,0.26,0.53,0.26,0.53,0.47,0.21,0.68,0.47,0.68
Mika Màrmol,DF,Barcelona,19,2002,1,0,1,0,0,0,0,0,0,0,0,0,0,0,0,0,0,0,0,0,0,0,0,0,0,0,0,0,0
Roger Martí,FW,Levante,30,1991,29,25,"2,115",23.5,7,3,10,6,1,3,8,0,8.4,6.1,3.2,9.3,24,50,133,0.3,0.13,0.43,0.26,0.38,0.36,0.14,0.49,0.26,0.39
Anthony Martial,"FW,MF",Sevilla,25,1995,9,7,490,5.4,0,1,1,0,0,0,1,0,0.4,0.4,0.1,0.5,14,11,43,0,0.18,0.18,0,0.18,0.07,0.02,0.09,0.07,0.09
Martín,MF,Cadiz,22,1999,6,1,115,1.3,0,0,0,0,0,0,1,0,0.1,0.1,0,0.1,1,5,0,0,0,0,0,0,0.04,0.01,0.05,0.04,0.05
Ander Martin,"FW,MF",Real Sociedad,20,2000,5,1,88,1,0,0,0,0,0,0,0,0,0.1,0.1,0.1,0.2,3,2,7,0,0,0,0,0,0.1,0.07,0.17,0.1,0.17
Andrés Martín,"FW,MF",Rayo Vallecano,22,1999,7,1,186,2.1,0,0,0,0,0,0,0,0,0.6,0.6,0,0.6,1,4,5,0,0,0,0,0,0.3,0,0.3,0.3,0.3
Carlos Martín,DF,Atletico Madrid,19,2002,1,0,6,0.1,0,0,0,0,0,0,1,0,0,0,0,0,0,0,1,0,0,0,0,0,0,0,0,0,0
Iván Martín,"MF,FW",Alaves,22,1999,6,2,166,1.8,0,0,0,0,0,0,0,0,0.1,0.1,0,0.1,2,9,5,0,0,0,0,0,0.05,0,0.05,0.05,0.05
Iñigo Martínez,DF,Athletic Club,30,1991,27,26,"2,341",26,3,0,3,3,0,0,9,2,2,2,0.5,2.5,29,78,8,0.12,0,0.12,0.12,0.12,0.08,0.02,0.09,0.08,0.09
Javi Martínez,"MF,FW",Osasuna,21,1999,26,9,879,9.8,1,1,2,1,0,0,1,0,0.8,0.8,0.6,1.4,24,28,38,0.1,0.1,0.2,0.1,0.2,0.08,0.06,0.15,0.08,0.15
Pablo Martínez,MF,Levante,23,1998,13,7,656,7.3,0,1,1,0,0,0,2,0,0.5,0.5,0.9,1.4,8,20,18,0,0.14,0.14,0,0.14,0.06,0.12,0.19,0.06,0.19
Omar Mascarell,MF,Elche,28,1993,32,30,"2,493",27.7,0,0,0,0,0,0,6,0,0.5,0.5,0.2,0.6,12,92,7,0,0,0,0,0,0.02,0.01,0.02,0.02,0.02
Jaime Mata,FW,Getafe,32,1988,22,4,672,7.5,1,0,1,1,0,0,7,0,1.3,1.3,0.6,1.9,6,11,61,0.13,0,0.13,0.13,0.13,0.17,0.08,0.26,0.17,0.26
Luís Maximiano,GK,Granada,22,1999,35,35,"3,136",34.8,0,0,0,0,0,0,2,0,0,0,0,0,0,1,0,0,0,0,0,0,0,0,0,0,0
Borja Mayoral,FW,Getafe,24,1997,18,11,"1,044",11.6,6,1,7,5,1,1,3,0,2.6,1.8,1.2,3,21,24,55,0.52,0.09,0.6,0.43,0.52,0.22,0.1,0.33,0.16,0.26
Jordi Mboula,FW,Mallorca,22,1999,11,5,434,4.8,0,0,0,0,0,0,2,0,0.5,0.5,0.1,0.5,13,3,30,0,0,0,0,0,0.1,0.02,0.11,0.1,0.11
Óscar Melendo,"MF,FW",Espanyol,23,1997,21,14,990,11,0,0,0,0,0,0,0,0,0.5,0.5,1.7,2.1,18,66,26,0,0,0,0,0,0.04,0.15,0.19,0.04,0.19
Gonzalo Melero,MF,Levante,27,1994,29,20,"1,692",18.8,7,2,9,5,2,2,5,0,4.2,2.6,1,3.7,19,84,39,0.37,0.11,0.48,0.27,0.37,0.22,0.05,0.28,0.14,0.19
Memphis,FW,Barcelona,27,1994,28,20,"1,851",20.6,12,2,14,8,4,5,3,0,11.2,7.3,4.4,11.7,83,72,239,0.58,0.1,0.68,0.39,0.49,0.54,0.21,0.76,0.35,0.57
Tomás Mendes,MF,Alaves,16,2004,1,0,9,0.1,0,0,0,0,0,0,0,0,0,0,0,0,0,0,0,0,0,0,0,0,0,0,0,0,0
Brais Méndez,MF,Celta Vigo,24,1997,37,36,"3,021",33.6,4,5,9,4,0,0,8,0,4.6,4.6,3.3,7.9,57,195,161,0.12,0.15,0.27,0.12,0.27,0.14,0.1,0.24,0.14,0.24
Édgar Méndez,"FW,MF",Alaves,31,1990,32,17,"1,614",17.9,1,1,2,1,0,0,6,0,1.5,1.5,2.5,4,18,31,112,0.06,0.06,0.11,0.06,0.11,0.08,0.14,0.22,0.08,0.22
Ferland Mendy,DF,Real Madrid,26,1995,22,20,"1,734",19.3,2,1,3,2,0,0,4,0,1,1,1.4,2.5,71,99,116,0.1,0.05,0.16,0.1,0.16,0.05,0.08,0.13,0.05,0.13
Fran Mérida,MF,Espanyol,31,1990,10,3,266,3,0,0,0,0,0,0,2,1,0.1,0.1,0.2,0.3,4,18,4,0,0,0,0,0,0.05,0.05,0.1,0.05,0.1
Mikel Merino,MF,Real Sociedad,25,1996,34,33,"2,890",32.1,3,2,5,3,0,0,8,0,4.1,4.1,3.6,7.6,30,204,92,0.09,0.06,0.16,0.09,0.16,0.13,0.11,0.24,0.13,0.24
Martín Merquelanz,"FW,MF",Rayo Vallecano,26,1995,4,3,173,1.9,0,0,0,0,0,0,0,0,0.2,0.2,0.9,1.1,5,9,9,0,0,0,0,0,0.09,0.47,0.56,0.09,0.56
Matt Miazga,DF,Alaves,26,1995,11,9,833,9.3,0,0,0,0,0,0,2,0,0.3,0.3,0.2,0.6,0,10,2,0,0,0,0,0,0.04,0.02,0.06,0.04,0.06
Miguel,"FW,MF",Alaves,21,1999,22,10,829,9.2,1,1,2,1,0,0,2,0,1.9,1.9,0.3,2.2,17,6,62,0.11,0.11,0.22,0.11,0.22,0.21,0.03,0.24,0.21,0.24
Éder Militão,DF,Real Madrid,23,1998,34,34,"3,031",33.7,1,2,3,1,0,0,5,0,2.5,2.5,1.1,3.5,22,102,15,0.03,0.06,0.09,0.03,0.09,0.07,0.03,0.11,0.07,0.11
Luis Milla,MF,Granada,26,1994,34,33,"2,773",30.8,3,3,6,0,3,3,4,0,3.7,1.3,3.5,4.8,52,167,45,0.1,0.1,0.19,0,0.1,0.12,0.11,0.23,0.04,0.15
Pere Milla,"MF,FW",Elche,28,1992,32,17,"1,644",18.3,8,3,11,8,0,0,4,0,4.9,4.9,1.7,6.6,17,39,75,0.44,0.16,0.6,0.44,0.6,0.27,0.09,0.36,0.27,0.36
Santi Mina,FW,Celta Vigo,25,1995,33,30,"2,367",26.3,7,3,10,7,0,1,4,0,8.5,7.7,2.6,10.3,23,36,135,0.27,0.11,0.38,0.27,0.38,0.32,0.1,0.42,0.29,0.39
Óscar Mingueza,DF,Barcelona,22,1999,19,9,894,9.9,0,1,1,0,0,0,2,0,0.3,0.3,0.9,1.2,13,43,40,0,0.1,0.1,0,0.1,0.03,0.09,0.12,0.03,0.12
Rafa Mir,FW,Sevilla,24,1997,34,18,"1,808",20.1,10,0,10,10,0,0,6,0,7.5,7.5,0.3,7.8,18,16,76,0.5,0,0.5,0.5,0.5,0.37,0.02,0.39,0.37,0.39
Jorge Miramón,DF,Levante,32,1989,29,22,"1,977",22,1,0,1,1,0,0,5,0,0.4,0.4,1.5,1.8,30,85,86,0.05,0,0.05,0.05,0.05,0.02,0.07,0.08,0.02,0.08
Juan Miranda,DF,Betis,21,2000,13,9,783,8.7,0,2,2,0,0,0,3,0,0.2,0.2,1.4,1.6,7,33,51,0,0.23,0.23,0,0.23,0.02,0.16,0.18,0.02,0.18
Stefan Mitrović,DF,Getafe,31,1990,32,31,"2,667",29.6,0,0,0,0,0,0,8,1,0.2,0.2,0,0.2,2,29,1,0,0,0,0,0,0.01,0,0.01,0.01,0.01
Luka Modrić,MF,Real Madrid,35,1985,28,25,"2,032",22.6,2,8,10,1,1,1,4,0,2.5,1.7,5.2,6.8,67,221,87,0.09,0.35,0.44,0.04,0.4,0.11,0.23,0.34,0.07,0.3
Johan Mojica,DF,Elche,28,1992,33,32,"2,855",31.7,2,5,7,2,0,0,4,1,0.8,0.8,5.3,6.2,108,128,157,0.06,0.16,0.22,0.06,0.22,0.03,0.17,0.19,0.03,0.19
Jorge Molina,FW,Granada,39,1982,35,19,"1,966",21.8,10,5,15,10,0,1,2,0,6.4,5.6,3.4,9,11,51,105,0.46,0.23,0.69,0.46,0.69,0.29,0.16,0.45,0.26,0.41
Jon Moncayola,MF,Osasuna,23,1998,36,33,"2,915",32.4,2,3,5,2,0,0,2,0,2.3,2.3,1.7,3.9,19,131,66,0.06,0.09,0.15,0.06,0.15,0.07,0.05,0.12,0.07,0.12
Monchu,MF,Granada,21,1999,14,7,668,7.4,0,0,0,0,0,0,3,1,0.4,0.4,0.8,1.2,8,33,12,0,0,0,0,0,0.06,0.11,0.17,0.06,0.17
Gonzalo Montiel,DF,Sevilla,24,1997,18,15,"1,066",11.8,1,2,3,1,0,0,7,0,0.3,0.3,1.9,2.2,29,43,78,0.08,0.17,0.25,0.08,0.25,0.02,0.16,0.18,0.02,0.18
Ángel Montoro,MF,Granada,33,1988,24,13,"1,331",14.8,1,1,2,1,0,0,5,0,1.4,1.4,1.5,3,4,71,20,0.07,0.07,0.14,0.07,0.14,0.1,0.1,0.2,0.1,0.2
Martín Montoya,DF,Betis,30,1991,6,6,518,5.8,0,1,1,0,0,0,2,0,0.3,0.3,1,1.2,9,31,33,0,0.17,0.17,0,0.17,0.05,0.17,0.22,0.05,0.22
Jon Morcillo,"MF,FW",Athletic Club,22,1998,7,0,54,0.6,0,0,0,0,0,0,2,0,0.6,0.6,0,0.6,3,3,7,0,0,0,0,0,0.99,0,0.99,0.99,0.99
Alberto Moreno,"MF,DF",Villarreal,29,1992,24,13,"1,223",13.6,3,2,5,3,0,0,3,0,3.1,3.1,1.9,5,34,53,87,0.22,0.15,0.37,0.22,0.37,0.23,0.14,0.37,0.23,0.37
Álex Moreno,DF,Betis,28,1993,30,28,"2,404",26.7,5,3,8,5,0,0,3,1,3.8,3.8,1.9,5.7,93,97,175,0.19,0.11,0.3,0.19,0.3,0.14,0.07,0.21,0.14,0.21
Gerard Moreno,FW,Villarreal,29,1992,17,14,"1,191",13.2,9,3,12,8,1,2,2,0,7.4,5.8,4.9,10.7,29,67,95,0.68,0.23,0.91,0.6,0.83,0.56,0.37,0.93,0.44,0.81
Tete Morente,MF,Elche,24,1996,32,18,"1,632",18.1,3,3,6,3,0,0,4,0,3,3,1.8,4.8,59,50,135,0.17,0.17,0.33,0.17,0.33,0.16,0.1,0.26,0.16,0.26
Ilaix Moriba,MF,Valencia,18,2003,14,9,818,9.1,0,0,0,0,0,0,9,1,0.7,0.7,0.2,0.8,9,34,13,0,0,0,0,0,0.07,0.02,0.09,0.07,0.09
Manu Morlanes,MF,Espanyol,22,1999,27,11,"1,144",12.7,2,0,2,2,0,0,6,1,0.7,0.7,0.3,1,21,81,6,0.16,0,0.16,0.16,0.16,0.05,0.02,0.07,0.05,0.07
Loren Morón,"FW,MF",Espanyol,27,1993,21,4,563,6.3,1,0,1,1,0,0,0,0,0.7,0.7,0.7,1.4,5,5,19,0.16,0,0.16,0.16,0.16,0.11,0.12,0.23,0.11,0.23
Loren Morón,FW,Betis,27,1993,1,0,4,0,0,0,0,0,0,0,0,0,0,0,0,0,0,0,0,0,0,0,0,0,0,0,0,0,0
Cristhian Mosquera,DF,Valencia,17,2004,6,3,212,2.4,0,0,0,0,0,0,1,0,0.3,0.3,0,0.3,1,7,0,0,0,0,0,0,0.11,0,0.11,0.11,0.11
Toni Moya,MF,Alaves,23,1998,28,17,"1,386",15.4,0,1,1,0,0,0,2,0,1.3,1.3,1.8,3.1,19,43,17,0,0.06,0.06,0,0.06,0.08,0.12,0.2,0.08,0.2
Iker Muniain,MF,Athletic Club,28,1992,35,34,"2,785",30.9,4,10,14,3,1,3,3,0,5.8,3.4,9.5,12.8,81,218,161,0.13,0.32,0.45,0.1,0.42,0.19,0.31,0.49,0.11,0.41
Aihen Muñoz,DF,Real Sociedad,23,1997,20,15,"1,342",14.9,0,0,0,0,0,0,4,1,0.1,0.1,0.4,0.5,32,51,55,0,0,0,0,0,0.01,0.03,0.04,0.01,0.03
Jeison Murillo,DF,Celta Vigo,29,1992,19,12,"1,117",12.4,0,0,0,0,0,0,5,1,0.5,0.5,0,0.5,9,46,3,0,0,0,0,0,0.04,0,0.04,0.04,0.04
Vedat Muriqi,FW,Mallorca,27,1994,16,16,"1,438",16,5,3,8,3,2,2,6,0,5.3,3.7,1.4,5.1,19,33,84,0.31,0.19,0.5,0.19,0.38,0.33,0.09,0.42,0.23,0.32
Yunus Musah,"MF,FW",Valencia,18,2002,29,13,"1,259",14,1,0,1,1,0,0,5,0,0.5,0.5,1.2,1.7,59,44,78,0.07,0,0.07,0.07,0.07,0.04,0.08,0.12,0.04,0.12
Shkodran Mustafi,DF,Levante,29,1992,11,8,658,7.3,1,0,1,1,0,0,1,0,0.1,0.1,0,0.1,4,18,0,0.14,0,0.14,0.14,0.14,0.02,0,0.02,0.02,0.02
Mamadou N'Diaye,MF,Alaves,24,1996,32,26,"2,312",25.7,2,0,2,2,0,0,10,0,,,,,,,,0.08,0,0.08,0.08,0.08,,,,,
Nacho,DF,Real Madrid,31,1990,28,17,"1,555",17.3,3,0,3,3,0,0,7,0,1.3,1.3,0.3,1.7,15,59,10,0.17,0,0.17,0.17,0.17,0.08,0.02,0.1,0.08,0.1
Roberto Navarro,"MF,FW",Real Sociedad,19,2002,6,3,199,2.2,0,0,0,0,0,0,0,0,0.5,0.5,0,0.5,5,9,15,0,0,0,0,0,0.22,0.02,0.24,0.22,0.24
Ximo Navarro,DF,Alaves,31,1990,18,16,"1,347",15,0,0,0,0,0,0,4,1,0.6,0.6,0.4,1,21,35,24,0,0,0,0,0,0.04,0.03,0.07,0.04,0.07
Jesús Navas,DF,Sevilla,35,1985,25,19,"1,786",19.8,0,3,3,0,0,0,4,0,0.4,0.4,4.6,5,58,117,181,0,0.15,0.15,0,0.15,0.02,0.23,0.25,0.02,0.25
Álvaro Negredo,FW,Cadiz,35,1985,34,24,"2,157",24,7,2,9,5,2,3,3,0,7.3,4.9,2.7,7.6,20,50,104,0.29,0.08,0.38,0.21,0.29,0.3,0.11,0.42,0.21,0.32
Neto,GK,Barcelona,32,1989,3,3,270,3,0,0,0,0,0,0,0,0,0,0,0,0,0,0,0,0,0,0,0,0,0,0.02,0.02,0,0.02
Carlos Neva,DF,Granada,25,1996,26,24,"2,108",23.4,0,0,0,0,0,0,1,0,1,1,1.2,2.2,27,37,89,0,0,0,0,0,0.04,0.05,0.09,0.04,0.09
Saúl Ñíguez,"FW,MF",Atletico Madrid,26,1994,3,2,201,2.2,0,1,1,0,0,0,0,0,0.3,0.3,0.1,0.4,4,5,10,0,0.45,0.45,0,0.45,0.14,0.05,0.19,0.14,0.19
Fernando Niño,FW,Mallorca,20,2000,23,9,884,9.8,2,0,2,2,0,0,2,0,3.8,3.8,0.4,4.2,18,8,47,0.2,0,0.2,0.2,0.2,0.39,0.04,0.43,0.39,0.43
Peru Nolaskoain,DF,Athletic Club,22,1998,1,0,1,0,0,0,0,0,0,0,0,0,0,0,0,0,0,0,0,0,0,0,0,0,0,0,0,0,0
Nolito,MF,Celta Vigo,34,1986,32,15,"1,384",15.4,2,0,2,2,0,0,2,0,2.9,2.9,1.9,4.8,10,73,66,0.13,0,0.13,0.13,0.13,0.19,0.12,0.31,0.19,0.31
Randy Ntekja,"FW,MF",Rayo Vallecano,23,1997,34,16,"1,462",16.2,3,0,3,3,0,0,2,0,3.4,3.4,1.4,4.7,21,31,84,0.18,0,0.18,0.18,0.18,0.21,0.08,0.29,0.21,0.29
Unai Núñez,DF,Athletic Club,24,1997,9,7,622,6.9,0,0,0,0,0,0,2,0,0.8,0.8,0.2,1,8,33,3,0,0,0,0,0,0.12,0.02,0.15,0.12,0.15
Allan Nyom,DF,Getafe,33,1988,5,3,244,2.7,0,0,0,0,0,0,1,0,0,0,0.1,0.1,2,4,4,0,0,0,0,0,0,0.04,0.04,0,0.04
Jan Oblak,GK,Atletico Madrid,28,1993,38,38,"3,420",38,0,0,0,0,0,0,2,0,0,0,0,0,0,0,0,0,0,0,0,0,0,0,0,0,0
Lucas Ocampos,FW,Sevilla,27,1994,30,23,"2,125",23.6,6,4,10,6,0,0,7,0,5.9,5.9,1.9,7.8,68,80,230,0.25,0.17,0.42,0.25,0.42,0.25,0.08,0.33,0.25,0.33
Lucas Olaza,DF,Elche,27,1994,5,3,295,3.3,1,0,1,1,0,0,1,0,0.7,0.7,0.3,1,2,16,22,0.31,0,0.31,0.31,0.31,0.22,0.09,0.32,0.22,0.32
Oier Olazábal,GK,Espanyol,31,1989,2,1,135,1.5,0,0,0,0,0,0,0,0,0,0,0,0,0,0,0,0,0,0,0,0,0,0,0,0,0
Brian Oliván,DF,Mallorca,27,1994,28,24,"2,189",24.3,1,0,1,1,0,1,7,0,1.8,1,2.2,3.2,31,65,91,0.04,0,0.04,0.04,0.04,0.07,0.09,0.16,0.04,0.13
Mathías Olivera,DF,Getafe,23,1997,32,32,"2,803",31.1,1,3,4,1,0,0,10,0,2.4,2,2.4,4.4,73,101,95,0.03,0.1,0.13,0.03,0.13,0.08,0.08,0.16,0.06,0.14
Javier Ontiveros,"FW,MF",Osasuna,23,1997,3,0,39,0.4,0,0,0,0,0,0,0,0,0.1,0.1,0,0.1,6,2,2,0,0,0,0,0,0.16,0,0.16,0.16,0.16
Pedro Ortiz,MF,Sevilla,20,2000,1,0,7,0.1,0,0,0,0,0,0,0,0,0.3,0.3,0.5,0.8,0,5,0,0,0,0,0,0,3.23,6.93,10.16,3.23,10.16
Milutin Osmajić,"FW,MF",Cadiz,22,1999,10,2,257,2.9,0,0,0,0,0,0,0,0,0.3,0.3,0,0.3,1,1,6,0,0,0,0,0,0.11,0,0.11,0.11,0.11
Jesús Owono,GK,Alaves,20,2001,1,1,90,1,0,0,0,0,0,0,0,0,0,0,0,0,0,0,0,0,0,0,0,0,0,0,0,0,0
Mikel Oyarzabal,"FW,MF",Real Sociedad,24,1997,22,19,"1,671",18.6,9,3,12,5,4,5,0,1,9.3,5.4,3.7,9,51,46,144,0.48,0.16,0.65,0.27,0.43,0.5,0.2,0.7,0.29,0.49
Fernando Pacheco,GK,Alaves,29,1992,34,34,"3,053",33.9,0,0,0,0,0,0,1,0,0,0,0.3,0.3,0,0,0,0,0,0,0,0,0,0.01,0.01,0,0.01
Jon Pacheco,DF,Real Sociedad,20,2001,10,4,381,4.2,0,0,0,0,0,0,1,0,0,0,0,0,0,11,0,0,0,0,0,0,0,0,0,0,0
Helibelton Palacios,DF,Elche,28,1993,26,22,"1,931",21.5,0,0,0,0,0,0,6,0,0.1,0.1,0.1,0.2,31,52,49,0,0,0,0,0,0,0.01,0.01,0,0.01
Isaac Palazón Camacho,"FW,MF",Rayo Vallecano,26,1994,34,27,"2,288",25.4,2,4,6,2,0,0,7,0,3.1,3.1,3.1,6.2,41,94,148,0.08,0.16,0.24,0.08,0.24,0.12,0.12,0.24,0.12,0.24
Daniel Parejo,MF,Villarreal,32,1989,33,32,"2,704",30,2,10,12,1,1,1,3,0,1.5,0.7,6.9,7.6,36,256,36,0.07,0.33,0.4,0.03,0.37,0.05,0.23,0.28,0.02,0.25
Raúl Parra,DF,Cadiz,21,1999,2,1,88,1,0,0,0,0,0,0,0,0,0,0,0,0,1,1,2,0,0,0,0,0,0,0,0,0,0
Javier Pastore,"MF,FW",Elche,32,1989,13,6,525,5.8,0,0,0,0,0,0,2,1,0.5,0.5,0.7,1.1,16,35,36,0,0,0,0,0,0.08,0.12,0.2,0.08,0.2
Gabriel Paulista,DF,Valencia,30,1990,19,19,"1,592",17.7,2,1,3,2,0,0,2,0,0.8,0.8,0.2,1,9,35,1,0.11,0.06,0.17,0.11,0.17,0.04,0.01,0.06,0.04,0.06
Alfonso Pedraza,DF,Villarreal,25,1996,28,19,"1,701",18.9,4,4,8,4,0,0,2,0,1.9,1.9,5.2,7.2,94,64,182,0.21,0.21,0.42,0.21,0.42,0.1,0.28,0.38,0.1,0.38
Pedri,MF,Barcelona,18,2002,12,10,885,9.8,3,1,4,3,0,0,0,0,1.3,1.3,1.2,2.5,23,84,42,0.31,0.1,0.41,0.31,0.41,0.13,0.12,0.25,0.13,0.25
Adrià Pedrosa,DF,Espanyol,23,1998,31,31,"2,720",30.2,1,1,2,1,0,0,8,0,1,1,1.2,2.3,90,69,140,0.03,0.03,0.07,0.03,0.07,0.03,0.04,0.07,0.03,0.07
Facundo Pellistri,"MF,FW",Alaves,19,2001,21,6,672,7.5,0,0,0,0,0,0,0,0,0.5,0.5,0.5,1,24,11,42,0,0,0,0,0,0.07,0.06,0.13,0.07,0.13
Rubén Peña,"MF,FW",Villarreal,30,1991,7,1,132,1.5,0,0,0,0,0,0,1,0,0.2,0.2,1.1,1.3,5,3,14,0,0,0,0,0,0.16,0.74,0.9,0.16,0.9
Alberto Perea,MF,Cadiz,30,1990,18,8,777,8.6,0,1,1,0,0,0,2,0,0.9,0.9,0.6,1.4,32,53,72,0,0.12,0.12,0,0.12,0.1,0.07,0.16,0.1,0.16
Iñigo Pérez,MF,Osasuna,33,1988,10,4,338,3.8,1,0,1,1,0,0,0,0,0.1,0.1,1,1.1,8,18,14,0.27,0,0.27,0.27,0.27,0.03,0.28,0.31,0.03,0.31
Juan Pérez,GK,Osasuna,25,1996,2,2,180,2,0,0,0,0,0,0,0,0,0,0,0,0,0,0,0,0,0,0,0,0,0,0,0,0,0
Kike Pérez,"MF,FW",Elche,24,1997,12,5,519,5.8,2,0,2,2,0,0,1,0,1,1,0.8,1.8,23,19,20,0.35,0,0.35,0.35,0.35,0.17,0.13,0.31,0.17,0.31
Lucas Pérez,FW,Elche,32,1988,18,16,"1,266",14.1,2,1,3,2,0,0,0,0,2.2,2.2,1.6,3.8,17,40,59,0.14,0.07,0.21,0.14,0.21,0.16,0.11,0.27,0.16,0.27
Lucas Pérez,"FW,MF",Cadiz,32,1988,15,11,"1,060",11.8,3,2,5,3,0,0,1,0,3.3,3.3,3.7,7,17,41,61,0.25,0.17,0.42,0.25,0.42,0.28,0.31,0.59,0.28,0.59
Njegoš Petrović,MF,Granada,22,1999,15,10,918,10.2,0,1,1,0,0,0,5,0,0.7,0.7,0.1,0.8,3,33,14,0,0.1,0.1,0,0.1,0.07,0.01,0.08,0.07,0.08
Alex Petxa,"DF,MF",Athletic Club,24,1997,17,1,412,4.6,0,0,0,0,0,0,4,0,0.1,0.1,0.3,0.4,8,25,14,0,0,0,0,0,0.03,0.06,0.09,0.03,0.09
Germán Pezzella,DF,Betis,30,1991,23,22,"1,988",22.1,1,0,1,1,0,0,5,1,1.3,1.3,0,1.3,2,22,5,0.05,0,0.05,0.05,0.05,0.06,0,0.06,0.06,0.06
Pablo Piatti,"MF,FW",Elche,32,1989,10,3,312,3.5,0,0,0,0,0,0,0,0,0.2,0.2,0.4,0.6,4,2,21,0,0,0,0,0,0.05,0.11,0.16,0.05,0.16
Cristiano Piccini,DF,Valencia,28,1992,6,3,322,3.6,1,0,1,1,0,0,1,0,0.2,0.2,0.1,0.2,5,14,10,0.28,0,0.28,0.28,0.28,0.04,0.02,0.07,0.04,0.07
Tomás Pina Isla,MF,Alaves,33,1987,29,16,"1,444",16,0,0,0,0,0,0,4,0,0.5,0.5,0.3,0.7,4,50,8,0,0,0,0,0,0.03,0.02,0.05,0.03,0.05
Orbelín Pineda,"MF,FW",Celta Vigo,25,1996,7,0,99,1.1,0,0,0,0,0,0,0,0,0.5,0.5,0,0.6,1,12,4,0,0,0,0,0,0.47,0.02,0.5,0.47,0.5
Yeremi Pino,"MF,FW",Villarreal,18,2002,31,21,"1,678",18.6,6,4,10,6,0,0,2,0,5.5,5.5,3.5,9,43,38,164,0.32,0.21,0.54,0.32,0.54,0.29,0.19,0.48,0.29,0.48
Gerard Piqué,DF,Barcelona,34,1987,27,25,"2,092",23.2,1,0,1,1,0,0,10,1,1.6,1.6,0.5,2.1,25,132,4,0.04,0,0.04,0.04,0.04,0.07,0.02,0.09,0.07,0.09
Ezequiel Ponce,FW,Elche,24,1997,13,5,667,7.4,1,0,1,1,0,0,1,1,2.5,2.5,0.3,2.8,6,10,39,0.13,0,0.13,0.13,0.13,0.34,0.03,0.38,0.34,0.38
Pere Pons,MF,Alaves,28,1993,27,17,"1,366",15.2,1,0,1,1,0,0,2,0,1.5,1.5,0.6,2.1,20,37,50,0.07,0,0.07,0.07,0.07,0.1,0.04,0.14,0.1,0.14
Portu,"FW,MF",Real Sociedad,29,1992,37,17,"1,590",17.7,1,2,3,0,1,1,5,0,2.9,2.1,2.5,4.6,44,41,150,0.06,0.11,0.17,0,0.11,0.16,0.14,0.3,0.12,0.26
Sergio Postigo,DF,Levante,32,1988,13,10,848,9.4,0,0,0,0,0,0,3,0,0.1,0.1,0.1,0.2,2,25,2,0,0,0,0,0,0.01,0.01,0.02,0.01,0.02
Darío Poveda,"FW,MF",Getafe,24,1997,15,3,380,4.2,1,0,1,1,0,0,0,0,0.3,0.3,0.1,0.4,5,8,24,0.24,0,0.24,0.24,0.24,0.07,0.02,0.09,0.07,0.09
José Pozo,"MF,DF",Rayo Vallecano,25,1996,5,0,72,0.8,0,0,0,0,0,0,0,0,0.1,0.1,0.3,0.5,2,11,7,0,0,0,0,0,0.18,0.42,0.6,0.18,0.6
Abdón Prats,FW,Mallorca,28,1992,23,6,641,7.1,3,0,3,3,0,0,3,0,1.5,1.5,0.7,2.2,4,17,33,0.42,0,0.42,0.42,0.42,0.21,0.1,0.31,0.21,0.31
Alejandro Primo,GK,Levante,17,2004,1,1,90,1,0,0,0,0,0,0,0,0,0,0,0,0,0,0,0,0,0,0,0,0,0,0,0,0,0
Javi Puado,"MF,FW",Espanyol,23,1998,30,26,"2,245",24.9,4,1,5,4,0,0,5,0,4.9,4.9,1.2,6.1,64,56,130,0.16,0.04,0.2,0.16,0.2,0.2,0.05,0.25,0.2,0.25
Pubill,"DF,MF",Levante,18,2003,11,5,512,5.7,0,1,1,0,0,0,1,0,0.9,0.9,1.2,2,10,11,28,0,0.18,0.18,0,0.18,0.15,0.2,0.36,0.15,0.36
Antonio Puertas,"MF,FW",Granada,29,1992,33,25,"2,261",25.1,6,1,7,6,0,0,4,0,3.5,3.5,0.9,4.4,51,54,126,0.24,0.04,0.28,0.24,0.28,0.14,0.04,0.17,0.14,0.17
Riqui Puig,MF,Barcelona,21,1999,15,2,487,5.4,1,0,1,1,0,0,0,0,0.7,0.7,0.2,0.9,9,40,24,0.18,0,0.18,0.18,0.18,0.12,0.04,0.16,0.12,0.16
Yacine Qasmi,FW,Rayo Vallecano,30,1991,1,0,4,0,0,0,0,0,0,0,0,0,0,0,0,0,0,0,1,0,0,0,0,0,0,0,0,0,0
Quini,DF,Granada,31,1989,32,27,"2,304",25.6,0,1,1,0,0,0,11,0,0.5,0.5,1.4,1.9,26,52,67,0,0.04,0.04,0,0.04,0.02,0.05,0.07,0.02,0.07
Dani Raba,"MF,FW",Villarreal,25,1995,7,0,89,1,0,0,0,0,0,0,1,0,0,0,0.3,0.3,1,5,12,0,0,0,0,0,0,0.35,0.35,0,0.35
Dani Raba,"MF,FW",Granada,25,1995,2,0,26,0.3,0,0,0,0,0,0,0,0,0,0,0,0,1,0,2,0,0,0,0,0,0,0,0,0,0
Uroš Račić,MF,Valencia,23,1998,28,13,"1,206",13.4,0,0,0,0,0,0,3,1,0.9,0.9,0.4,1.3,6,55,15,0,0,0,0,0,0.07,0.03,0.1,0.07,0.1
Nemanja Radoja,MF,Levante,28,1993,19,17,"1,214",13.5,0,0,0,0,0,0,3,0,0.3,0.3,0.8,1.1,9,25,23,0,0,0,0,0,0.03,0.06,0.08,0.03,0.08
Rafinha,MF,Real Sociedad,28,1993,17,13,"1,050",11.7,1,0,1,1,0,0,3,0,2.5,2.5,0.5,3,34,54,31,0.09,0,0.09,0.09,0.09,0.22,0.04,0.26,0.22,0.26
Antonio Raillo,DF,Mallorca,29,1991,17,17,"1,530",17,2,0,2,2,0,0,8,0,0.7,0.7,0,0.7,15,50,0,0.12,0,0.12,0.12,0.12,0.04,0,0.04,0.04,0.04
Ivan Rakitić,MF,Sevilla,33,1988,35,26,"2,182",24.2,4,6,10,3,1,2,5,0,3.2,1.6,2.6,4.2,23,160,62,0.16,0.25,0.41,0.12,0.37,0.13,0.11,0.24,0.07,0.17
Jonás Ramalho,DF,Osasuna,28,1993,3,3,243,2.7,0,0,0,0,0,0,0,0,0,0,0,0,2,13,6,0,0,0,0,0,0.02,0,0.02,0.02,0.02
Sandro Ramírez,FW,Getafe,26,1995,29,19,"1,462",16.2,3,0,3,3,0,0,7,0,3,3,0.9,3.9,34,23,107,0.18,0,0.18,0.18,0.18,0.18,0.06,0.24,0.18,0.24
Raúl,"FW,DF",Betis,20,2000,1,0,1,0,0,0,0,0,0,0,0,0,0,0,0,0,0,0,0,0,0,0,0,0,0,0,0,0,0
Lluís Recasens,DF,Espanyol,19,2002,1,0,45,0.5,0,0,0,0,0,0,0,0,0,0,0,0,0,2,0,0,0,0,0,0,0,0,0,0,0
Manolo Reina,GK,Mallorca,36,1985,21,21,"1,890",21,0,0,0,0,0,0,5,1,0,0,0,0,0,0,0,0,0,0,0,0,0,0,0,0,0
Karim Rekik,DF,Sevilla,26,1994,18,11,"1,098",12.2,0,2,2,0,0,0,2,0,0.2,0.2,0.4,0.6,12,30,13,0,0.16,0.16,0,0.16,0.02,0.03,0.05,0.02,0.05
Álex Remiro,GK,Real Sociedad,26,1995,35,35,"3,150",35,0,0,0,0,0,0,1,0,0,0,0,0,0,0,0,0,0,0,0,0,0,0,0,0,0
Nico Ribaudo,"MF,FW",Espanyol,20,2001,31,7,"1,116",12.4,2,0,2,2,0,0,5,1,1,1,1.4,2.4,40,54,74,0.16,0,0.16,0.16,0.16,0.08,0.12,0.2,0.08,0.2
Diego Rico,DF,Real Sociedad,28,1993,21,19,"1,644",18.3,0,0,0,0,0,0,4,0,0.2,0.2,0.9,1.1,24,92,70,0,0,0,0,0,0.01,0.05,0.06,0.01,0.06
Sergio Rico,GK,Mallorca,27,1993,14,14,"1,260",14,0,0,0,0,0,0,0,0,0,0,0,0,0,0,0,0,0,0,0,0,0,0,0,0,0
Luis Rioja,"MF,FW",Alaves,27,1993,37,36,"3,111",34.6,1,3,4,1,0,0,3,0,3,3,5.1,8.2,122,77,213,0.03,0.09,0.12,0.03,0.12,0.09,0.15,0.24,0.09,0.24
Rober,DF,Levante,26,1995,27,21,"2,010",22.3,1,0,1,1,0,0,5,1,1.3,1.3,0.2,1.4,17,53,5,0.04,0,0.04,0.04,0.04,0.06,0.01,0.06,0.06,0.06
Sergi Roberto,"MF,DF",Barcelona,29,1992,9,4,400,4.4,2,1,3,2,0,0,1,0,1.5,1.5,0.4,1.9,6,15,15,0.45,0.23,0.68,0.45,0.68,0.33,0.1,0.43,0.33,0.43
Rubén Rochina,"MF,FW",Granada,30,1991,15,8,743,8.3,1,3,4,1,0,0,3,0,0.6,0.6,0.8,1.4,13,46,38,0.12,0.36,0.48,0.12,0.48,0.07,0.1,0.17,0.07,0.17
Enzo Roco,DF,Elche,28,1992,30,29,"2,552",28.4,1,0,1,1,0,0,10,0,1.3,1.3,0.1,1.4,12,42,8,0.04,0,0.04,0.04,0.04,0.05,0,0.05,0.05,0.05
Rodri,FW,Betis,21,2000,21,10,881,9.8,1,2,3,1,0,0,1,0,1.4,1.4,1.8,3.2,24,59,78,0.1,0.2,0.31,0.1,0.31,0.14,0.18,0.32,0.14,0.32
Kévin Rodrigues,"DF,FW",Rayo Vallecano,27,1994,13,5,435,4.8,0,0,0,0,0,0,0,0,0.1,0.1,0.1,0.2,9,16,11,0,0,0,0,0,0.02,0.01,0.03,0.02,0.03
Ángel Rodríguez,"FW,MF",Mallorca,34,1987,29,19,"1,544",17.2,4,2,6,4,0,0,4,0,3.9,3.9,0.9,4.8,23,27,85,0.23,0.12,0.35,0.23,0.35,0.23,0.06,0.28,0.23,0.28
Óscar Rodríguez Arnaiz,"MF,FW",Getafe,23,1998,18,9,943,10.5,0,1,1,0,0,0,2,0,1,1,0.9,1.9,19,36,31,0,0.1,0.1,0,0.1,0.09,0.09,0.18,0.09,0.18
Óscar Rodríguez Arnaiz,"FW,MF",Sevilla,23,1998,11,4,417,4.6,0,0,0,0,0,0,1,0,0.6,0.6,0.8,1.4,13,22,39,0,0,0,0,0,0.13,0.16,0.3,0.13,0.3
Dani Rodríguez,"MF,FW",Mallorca,33,1988,36,33,"2,832",31.5,3,3,6,3,0,0,7,0,3.2,3.2,2.8,6,65,94,130,0.1,0.1,0.19,0.1,0.19,0.1,0.09,0.19,0.1,0.19
Guido Rodríguez,MF,Betis,27,1994,32,29,"2,529",28.1,1,2,3,1,0,0,9,1,1,1,0.5,1.6,13,123,14,0.04,0.07,0.11,0.04,0.11,0.04,0.02,0.06,0.04,0.06
Rodrygo,FW,Real Madrid,20,2001,33,17,"1,523",16.9,4,4,8,4,0,0,4,0,3.4,3.4,2.4,5.8,76,49,194,0.24,0.24,0.47,0.24,0.47,0.2,0.14,0.34,0.2,0.34
Leonardo Román,GK,Mallorca,21,2000,2,2,180,2,0,0,0,0,0,0,0,0,0,0,0,0,0,0,0,0,0,0,0,0,0,0,0,0,0
Iván Romero,FW,Sevilla,20,2001,5,2,178,2,0,0,0,0,0,0,0,0,0.7,0.7,0,0.7,3,4,17,0,0,0,0,0,0.35,0,0.35,0.35,0.35
Unai Ropero,MF,Alaves,19,2001,1,0,12,0.1,0,0,0,0,0,0,0,0,0,0,0,0,0,0,1,0,0,0,0,0,0,0,0,0,0
Rubén,DF,Espanyol,20,2001,4,1,150,1.7,0,1,1,0,0,0,0,0,0,0,0.5,0.6,5,1,8,0,0.6,0.6,0,0.6,0.01,0.32,0.33,0.01,0.33
Aitor Ruibal,"FW,DF",Betis,25,1996,19,9,856,9.5,0,0,0,0,0,0,6,0,1,1,1,2,21,28,72,0,0,0,0,0,0.11,0.11,0.21,0.11,0.21
Isma Ruiz,MF,Granada,20,2001,8,3,283,3.1,0,0,0,0,0,0,1,0,0.1,0.1,0.1,0.2,3,2,3,0,0,0,0,0,0.04,0.04,0.08,0.04,0.08
Víctor Ruiz,DF,Betis,32,1989,18,17,"1,424",15.8,0,0,0,0,0,0,2,0,0.9,0.9,0.1,1,5,54,2,0,0,0,0,0,0.05,0.01,0.06,0.05,0.06
Gerónimo Rulli,GK,Villarreal,29,1992,32,32,"2,880",32,0,0,0,0,0,0,2,0,0,0,0,0,0,2,1,0,0,0,0,0,0,0,0,0,0
Franco Russo,DF,Mallorca,26,1994,19,17,"1,464",16.3,1,0,1,1,0,0,7,2,0.2,0.2,0.2,0.4,4,41,3,0.06,0,0.06,0.06,0.06,0.01,0.01,0.02,0.01,0.02
Mathew Ryan,GK,Real Sociedad,29,1992,3,3,270,3,0,0,0,0,0,0,0,0,0,0,0,0,0,0,0,0,0,0,0,0,0,0,0,0,0
Youssouf Sabaly,DF,Betis,28,1993,10,9,788,8.8,0,1,1,0,0,0,1,0,0.1,0.1,0.5,0.6,24,30,35,0,0.11,0.11,0,0.11,0.01,0.06,0.07,0.01,0.07
Salvi,"MF,FW",Cadiz,30,1991,23,17,"1,395",15.5,2,1,3,2,0,1,3,1,2.6,1.8,1.2,3,36,25,88,0.13,0.06,0.19,0.13,0.19,0.17,0.08,0.24,0.12,0.19
Fede San Emeterio,MF,Cadiz,24,1997,12,10,830,9.2,0,0,0,0,0,0,3,0,0,0,0.3,0.3,1,22,1,0,0,0,0,0,0,0.03,0.03,0,0.03
Oihan Sancet,FW,Athletic Club,21,2000,27,16,"1,422",15.8,6,4,10,6,0,0,2,0,3.4,3.4,2.9,6.3,28,76,152,0.38,0.25,0.63,0.38,0.63,0.21,0.19,0.4,0.21,0.4
Antonio Sánchez,"MF,FW",Mallorca,24,1997,29,19,"1,616",18,1,0,1,1,0,0,3,1,1.4,1.4,0.4,1.8,24,66,50,0.06,0,0.06,0.06,0.06,0.08,0.02,0.1,0.08,0.1
Germán Sánchez,DF,Granada,34,1986,32,25,"2,299",25.5,2,1,3,2,0,0,11,1,1.4,1.4,0.2,1.6,10,41,5,0.08,0.04,0.12,0.08,0.12,0.06,0.01,0.06,0.06,0.06
Manu Sánchez,DF,Osasuna,20,2000,33,25,"2,257",25.1,1,3,4,1,0,0,6,0,0.4,0.4,1.9,2.3,43,97,117,0.04,0.12,0.16,0.04,0.16,0.02,0.08,0.09,0.02,0.09
Oier Sanjurjo,MF,Osasuna,35,1986,25,8,758,8.4,1,0,1,1,0,0,3,0,0.7,0.7,0.2,0.9,3,34,25,0.12,0,0.12,0.12,0.12,0.08,0.02,0.11,0.08,0.11
Jesús Santiago,MF,Valencia,17,2004,3,0,82,0.9,0,0,0,0,0,0,0,0,0,0,0,0,0,2,1,0,0,0,0,0,0,0,0,0,0
Sergio Santos,DF,Real Madrid,20,2001,1,0,11,0.1,0,0,0,0,0,0,0,0,0,0,0.1,0.1,0,0,1,0,0,0,0,0,0,0.56,0.56,0,0.56
Alvaro Sanz,MF,Barcelona,20,2001,2,0,29,0.3,0,0,0,0,0,0,0,0,0,0,0,0,0,1,0,0,0,0,0,0,0,0.05,0.05,0,0.05
Marcelo Saracchi,DF,Levante,23,1998,4,2,186,2.1,0,1,1,0,0,0,2,0,0,0,0.2,0.2,4,8,14,0,0.48,0.48,0,0.48,0,0.11,0.11,0,0.11
Joan Sastre Vanrell,DF,Mallorca,24,1997,7,2,258,2.9,0,0,0,0,0,0,1,0,0.1,0.1,0,0.1,4,3,5,0,0,0,0,0,0.02,0,0.02,0.02,0.02
Esteban Saveljich,DF,Rayo Vallecano,30,1991,21,21,"1,700",18.9,0,0,0,0,0,0,4,0,0.6,0.6,0,0.6,2,20,1,0,0,0,0,0,0.03,0,0.03,0.03,0.03
Stefan Savić,DF,Atletico Madrid,30,1991,28,28,"2,440",27.1,0,0,0,0,0,0,12,0,1.9,1.9,0.1,2,30,74,6,0,0,0,0,0,0.07,0,0.08,0.07,0.08
Valentino Scotta,DF,Sevilla,19,2001,1,0,1,0,0,0,0,0,0,0,0,0,0,0,0,0,0,0,0,0,0,0,0,0,0,0,0,0,0
Aleksandar Sedlar,"DF,MF",Mallorca,29,1991,10,3,404,4.5,0,0,0,0,0,0,5,1,0,0,0.1,0.1,2,12,0,0,0,0,0,0,0,0.01,0.01,0,0.01
Javier Serrano,MF,Atletico Madrid,18,2003,5,1,68,0.8,0,0,0,0,0,0,1,1,0,0,0,0,0,2,1,0,0,0,0,0,0,0,0,0,0
Nicolás Serrano,"MF,FW",Athletic Club,18,2003,14,3,317,3.5,1,0,1,1,0,0,0,0,0.4,0.4,0.1,0.5,13,7,26,0.28,0,0.28,0.28,0.28,0.12,0.02,0.14,0.12,0.14
Salva Sevilla,MF,Mallorca,37,1984,28,17,"1,507",16.7,5,3,8,1,4,4,2,0,4.8,1.7,2.8,4.5,30,132,14,0.3,0.18,0.48,0.06,0.24,0.29,0.17,0.46,0.1,0.27
David Silva,MF,Real Sociedad,35,1986,25,22,"1,720",19.1,2,4,6,2,0,0,4,1,3.1,3.1,4.5,7.5,65,147,105,0.1,0.21,0.31,0.1,0.31,0.16,0.24,0.39,0.16,0.39
Jonathan Silva,"DF,FW",Getafe,27,1994,9,1,226,2.5,0,0,0,0,0,0,4,0,0,0,0.1,0.2,5,11,9,0,0,0,0,0,0.01,0.05,0.06,0.01,0.06
Rui Silva,GK,Betis,27,1994,22,21,"1,964",21.8,0,0,0,0,0,0,2,0,0,0,0,0,0,0,0,0,0,0,0,0,0,0,0,0,0
Giuliano Simeone,MF,Atletico Madrid,18,2002,1,0,1,0,0,0,0,0,0,0,0,0,0,0,0,0,0,0,2,0,0,0,0,0,0,0,0,0,0
Unai Simón,GK,Athletic Club,24,1997,34,34,"3,060",34,0,0,0,0,0,0,3,0,0,0,0,0,0,0,0,0,0,0,0,0,0,0,0,0,0
Antonio Sivera,GK,Alaves,24,1996,4,3,277,3.1,0,0,0,0,0,0,1,0,0,0,0,0,0,0,0,0,0,0,0,0,0,0,0,0,0
Rubén Sobrino,MF,Valencia,29,1992,1,0,14,0.2,0,0,0,0,0,0,0,0,0,0,0,0,0,0,1,0,0,0,0,0,0,0,0,0,0
Rubén Sobrino,"FW,MF",Cadiz,29,1992,33,19,"1,861",20.7,4,1,5,4,0,0,4,0,5.4,5.3,1.8,7.1,36,38,87,0.19,0.05,0.24,0.19,0.24,0.26,0.09,0.35,0.26,0.35
Alex Sola,"DF,FW",Real Sociedad,22,1999,2,0,41,0.5,0,0,0,0,0,0,0,0,0.1,0.1,0.1,0.2,1,2,1,0,0,0,0,0,0.18,0.28,0.46,0.18,0.46
Augusto Solari,"MF,DF",Celta Vigo,29,1992,26,4,714,7.9,0,0,0,0,0,0,5,0,0.3,0.3,0.5,0.8,15,18,53,0,0,0,0,0,0.04,0.06,0.1,0.04,0.1
Roberto Soldado,FW,Levante,36,1985,18,7,664,7.4,3,2,5,3,0,0,7,2,3.7,3.7,0.7,4.4,4,14,43,0.41,0.27,0.68,0.41,0.68,0.49,0.09,0.58,0.49,0.58
Carlos Soler,MF,Valencia,24,1997,32,28,"2,474",27.5,11,5,16,4,7,7,4,0,9.1,3.5,4,7.6,40,101,89,0.4,0.18,0.58,0.15,0.33,0.33,0.15,0.48,0.13,0.28
Son,DF,Levante,27,1994,26,22,"1,971",21.9,1,0,1,1,0,0,5,1,0.9,0.9,1.3,2.2,37,96,111,0.05,0,0.05,0.05,0.05,0.04,0.06,0.1,0.04,0.1
David Soria,GK,Getafe,28,1993,38,38,"3,414",37.9,0,0,0,0,0,0,4,0,0,0,0,0,0,0,0,0,0,0,0,0,0,0,0,0,0
Alberto Soro,"MF,FW",Granada,22,1999,16,7,578,6.4,0,0,0,0,0,0,0,0,0.8,0.8,0.5,1.3,8,21,35,0,0,0,0,0,0.12,0.08,0.2,0.12,0.2
Hugo Sotelo,FW,Celta Vigo,17,2003,1,0,2,0,0,0,0,0,0,0,0,0,0,0,0,0,0,0,0,0,0,0,0,0,0,0,0,0,0
Damián Suárez,DF,Getafe,33,1988,35,31,"2,711",30.1,0,3,3,0,0,0,13,0,0.4,0.4,3,3.4,33,116,96,0,0.1,0.1,0,0.1,0.01,0.1,0.11,0.01,0.11
Denis Suárez,MF,Celta Vigo,27,1994,38,33,"2,819",31.3,4,6,10,4,0,0,4,0,2.2,2.2,4.4,6.6,100,216,78,0.13,0.19,0.32,0.13,0.32,0.07,0.14,0.21,0.07,0.21
Luis Suárez,FW,Atletico Madrid,34,1987,35,20,"1,835",20.4,11,2,13,9,2,3,7,0,10,7.7,1.3,8.9,16,40,105,0.54,0.1,0.64,0.44,0.54,0.49,0.06,0.55,0.38,0.44
Mario Suárez,DF,Rayo Vallecano,34,1987,14,8,712,7.9,0,0,0,0,0,0,2,0,1,1,0,1,5,24,2,0,0,0,0,0,0.12,0,0.13,0.12,0.13
Suso,FW,Sevilla,27,1993,8,6,384,4.3,0,1,1,0,0,0,0,0,0.3,0.3,0.2,0.5,9,18,39,0,0.23,0.23,0,0.23,0.08,0.04,0.12,0.08,0.12
Mamadou Sylla,"FW,MF",Alaves,27,1994,13,4,394,4.4,0,0,0,0,0,0,1,0,0.4,0.4,0.1,0.5,5,4,29,0,0,0,0,0,0.1,0.03,0.12,0.1,0.12
Mamadou Sylla,FW,Rayo Vallecano,27,1994,12,1,253,2.8,0,0,0,0,0,0,2,0,1.1,1.1,0.3,1.4,6,8,19,0,0,0,0,0,0.39,0.11,0.51,0.39,0.51
Alexander Sørloth,FW,Real Sociedad,25,1995,33,20,"1,763",19.6,4,0,4,4,0,0,2,0,5.9,5.9,3.4,9.4,55,33,112,0.2,0,0.2,0.2,0.2,0.3,0.18,0.48,0.3,0.48
Tachi,DF,Alaves,23,1997,5,2,239,2.7,0,0,0,0,0,0,1,0,0,0,0.1,0.1,0,7,1,0,0,0,0,0,0,0.02,0.02,0,0.02
Renato Tapia,MF,Celta Vigo,26,1995,29,13,"1,412",15.7,0,0,0,0,0,0,10,0,0.5,0.5,0.3,0.8,10,65,6,0,0,0,0,0,0.03,0.02,0.05,0.03,0.05
Cristian Tello,FW,Betis,29,1991,23,5,819,9.1,2,2,4,2,0,0,2,0,1.7,1.7,1.7,3.3,31,25,86,0.22,0.22,0.44,0.22,0.44,0.19,0.18,0.37,0.19,0.37
Nahuel Tenaglia,DF,Alaves,25,1996,14,12,"1,073",11.9,0,0,0,0,0,0,2,0,0.3,0.3,0.1,0.4,17,42,15,0,0,0,0,0,0.02,0.01,0.03,0.02,0.03
Marc Tenas,"FW,MF",Alaves,20,2001,3,0,54,0.6,0,0,0,0,0,0,2,0,0,0,0.2,0.2,0,0,4,0,0,0,0,0,0,0.35,0.35,0,0.35
Marc-André ter Stegen,GK,Barcelona,29,1992,35,35,"3,150",35,0,0,0,0,0,0,3,0,0,0,0.1,0.1,0,2,0,0,0,0,0,0,0,0,0,0,0
David Timor,MF,Getafe,31,1989,7,3,341,3.8,0,0,0,0,0,0,2,0,0.2,0.2,0,0.2,0,20,3,0,0,0,0,0,0.05,0,0.05,0.05,0.05
Mircea Ţîrlea,DF,Alaves,21,2000,1,0,15,0.2,0,0,0,0,0,0,0,0,0,0,0,0,0,0,0,0,0,0,0,0,0,0,0,0,0
Raúl de Tomás,FW,Espanyol,26,1994,34,33,"2,914",32.4,17,3,20,12,5,5,7,2,15.1,11.2,1.6,12.8,44,86,191,0.53,0.09,0.62,0.37,0.46,0.47,0.05,0.52,0.34,0.39
Raúl Torrente,DF,Granada,19,2001,18,15,"1,282",14.2,0,0,0,0,0,0,5,0,0.2,0.2,0.7,0.9,10,30,0,0,0,0,0,0,0.01,0.05,0.06,0.01,0.06
Ferrán Torres,FW,Barcelona,21,2000,18,17,"1,412",15.7,4,4,8,3,1,1,1,0,7,6.2,3.1,9.4,34,53,215,0.25,0.25,0.51,0.19,0.45,0.45,0.2,0.65,0.4,0.6
Óliver Torres,"MF,FW",Sevilla,26,1994,26,11,"1,008",11.2,2,3,5,2,0,0,2,0,0.7,0.7,1.4,2,24,76,52,0.18,0.27,0.45,0.18,0.45,0.06,0.12,0.18,0.06,0.18
Pau Torres,DF,Villarreal,24,1997,33,33,"2,855",31.7,5,1,6,5,0,0,5,0,3,3,1.5,4.5,59,162,10,0.16,0.03,0.19,0.16,0.19,0.09,0.05,0.14,0.09,0.14
Roberto Torres,"MF,FW",Osasuna,32,1989,28,6,809,9,2,2,4,0,2,2,3,0,2.1,0.5,2.3,2.8,7,35,50,0.22,0.22,0.44,0,0.22,0.23,0.25,0.48,0.06,0.31
Lucas Torró,MF,Osasuna,27,1994,33,32,"2,725",30.3,1,0,1,1,0,0,10,0,1.6,1.6,0.6,2.2,18,156,27,0.03,0,0.03,0.03,0.03,0.05,0.02,0.07,0.05,0.07
Adama Traoré,FW,Barcelona,25,1996,11,4,382,4.2,0,2,2,0,0,0,0,0,0.7,0.7,0.9,1.6,34,10,55,0,0.47,0.47,0,0.47,0.16,0.21,0.37,0.16,0.37
Óscar Trejo,MF,Rayo Vallecano,33,1988,32,24,"2,007",22.3,3,9,12,0,3,3,13,0,3.3,0.9,5,5.9,53,135,96,0.13,0.4,0.54,0,0.4,0.15,0.22,0.37,0.04,0.26
Manu Trigueros,"MF,FW",Villarreal,29,1991,35,27,"2,178",24.2,6,4,10,6,0,0,3,0,5.7,5.7,2.6,8.3,30,185,96,0.25,0.17,0.41,0.25,0.41,0.24,0.11,0.34,0.24,0.34
Kieran Trippier,"DF,FW",Atletico Madrid,30,1990,15,12,976,10.8,0,0,0,0,0,0,1,0,0.1,0.1,0.3,0.4,14,80,70,0,0,0,0,0,0.01,0.03,0.04,0.01,0.04
Beñat Turrientes,MF,Real Sociedad,19,2002,8,1,207,2.3,0,0,0,0,0,0,1,0,0.4,0.4,0.2,0.6,3,11,6,0,0,0,0,0,0.18,0.08,0.26,0.18,0.26
Samuel Umtiti,DF,Barcelona,27,1993,1,1,90,1,0,0,0,0,0,0,1,0,0,0,0,0,3,6,0,0,0,0,0,0,0,0,0,0,0
Enes Ünal,FW,Getafe,24,1997,37,33,"2,798",31.1,16,1,17,14,2,4,8,0,10.4,7.3,1.5,8.8,24,44,127,0.51,0.03,0.55,0.45,0.48,0.34,0.05,0.38,0.24,0.28
Myrto Uzuni,"FW,MF",Granada,26,1995,15,9,856,9.5,1,1,2,1,0,0,4,0,1.1,1.1,0.9,2,14,12,37,0.11,0.11,0.21,0.11,0.21,0.12,0.1,0.21,0.12,0.21
Álvaro Vadillo,"DF,MF",Espanyol,26,1994,3,0,7,0.1,0,0,0,0,0,0,1,0,0,0,0,0,2,1,2,0,0,0,0,0,0,0,0,0,0
Óscar Valentín,MF,Rayo Vallecano,26,1994,35,29,"2,569",28.5,0,0,0,0,0,0,8,0,1.2,1.2,1,2.3,27,140,10,0,0,0,0,0,0.04,0.04,0.08,0.04,0.08
Germán Valera,FW,Real Sociedad,19,2002,3,0,51,0.6,0,0,0,0,0,0,0,0,0,0,0,0,1,1,8,0,0,0,0,0,0.06,0,0.06,0.06,0.06
Martin Valjent,DF,Mallorca,25,1995,36,36,"3,181",35.3,0,0,0,0,0,0,4,0,0.3,0.3,0.7,1,25,70,5,0,0,0,0,0,0.01,0.02,0.03,0.01,0.03
Jesús Vallejo,DF,Real Madrid,24,1997,5,4,341,3.8,0,0,0,0,0,0,1,0,0,0,0,0,0,1,0,0,0,0,0,0,0,0.01,0.01,0,0.01
Manu Vallejo,"MF,FW",Alaves,24,1997,11,2,370,4.1,1,1,2,1,0,0,0,0,0.7,0.7,0.3,1,5,8,25,0.24,0.24,0.49,0.24,0.49,0.16,0.08,0.24,0.16,0.24
Manu Vallejo,"FW,MF",Valencia,24,1997,9,0,98,1.1,0,0,0,0,0,0,3,0,0.2,0.2,0.1,0.2,2,1,6,0,0,0,0,0,0.14,0.09,0.23,0.14,0.23
Federico Valverde,MF,Real Madrid,23,1998,31,19,"1,833",20.4,0,1,1,0,0,0,2,0,0.9,0.9,1.7,2.6,76,129,86,0,0.05,0.05,0,0.05,0.05,0.08,0.13,0.05,0.13
José Luis García Vayá,MF,Levante,22,1998,29,23,"2,012",22.4,0,0,0,0,0,0,9,0,0.6,0.6,2.2,2.8,24,130,24,0,0,0,0,0,0.02,0.1,0.12,0.02,0.12
Jesus Vazquez,DF,Valencia,18,2003,15,8,813,9,0,0,0,0,0,0,0,0,0.6,0.6,0.2,0.8,26,21,38,0,0,0,0,0,0.06,0.02,0.08,0.06,0.08
Kevin Vázquez,DF,Celta Vigo,28,1993,17,16,"1,334",14.8,0,1,1,0,0,0,3,0,0.4,0.4,1.2,1.6,15,44,80,0,0.07,0.07,0,0.07,0.03,0.08,0.11,0.03,0.11
Lucas Vázquez,DF,Real Madrid,30,1991,29,20,"1,833",20.4,3,0,3,3,0,0,3,0,2.2,2.2,2.5,4.7,58,108,156,0.15,0,0.15,0.15,0.15,0.11,0.12,0.23,0.11,0.23
Gabriel Veiga,MF,Celta Vigo,19,2002,7,0,108,1.2,0,0,0,0,0,0,0,0,0,0,0,0.1,5,9,4,0,0,0,0,0,0.03,0.02,0.05,0.03,0.05
Unai Vencedor Paris,MF,Athletic Club,20,2000,34,29,"2,383",26.5,0,0,0,0,0,0,4,0,0.9,0.9,0.7,1.6,16,180,20,0,0,0,0,0,0.03,0.02,0.06,0.03,0.06
Gonzalo Verdú,DF,Elche,32,1988,19,16,"1,397",15.5,0,0,0,0,0,0,11,0,0.1,0.1,0,0.1,1,23,0,0,0,0,0,0,0,0,0,0,0
Mikel Vesga,MF,Athletic Club,28,1993,32,17,"1,358",15.1,2,0,2,2,0,0,7,2,1,1,0.9,1.9,16,95,15,0.13,0,0.13,0.13,0.13,0.07,0.06,0.13,0.07,0.13
Rúben Vezo,DF,Levante,27,1994,32,27,"2,420",26.9,0,0,0,0,0,0,4,0,0.6,0.6,0.5,1.1,21,87,8,0,0,0,0,0,0.02,0.02,0.04,0.02,0.04
Aleix Vidal,"DF,MF",Espanyol,31,1989,31,21,"1,901",21.1,2,0,2,2,0,0,10,0,0.7,0.7,2.3,3,44,78,120,0.09,0,0.09,0.09,0.09,0.03,0.11,0.14,0.03,0.14
Nacho Vidal,DF,Osasuna,26,1995,35,33,"2,902",32.2,0,1,1,0,0,0,9,0,1.2,1.2,2.2,3.4,31,93,80,0,0.03,0.03,0,0.03,0.04,0.07,0.1,0.04,0.1
Dídac Vilà,"DF,MF",Espanyol,32,1989,9,1,203,2.3,0,0,0,0,0,0,3,0,0,0,0.1,0.1,1,4,10,0,0,0,0,0,0,0.04,0.04,0,0.04
Tonny Vilhena,"MF,FW",Espanyol,26,1995,17,13,928,10.3,1,1,2,1,0,0,4,0,0.8,0.8,0.9,1.8,17,29,60,0.1,0.1,0.19,0.1,0.19,0.08,0.09,0.17,0.08,0.17
Daniel Villahermosa,MF,Espanyol,20,2001,1,0,23,0.3,0,0,0,0,0,0,0,0,0,0,0,0,1,1,0,0,0,0,0,0,0,0,0,0,0
Asier Villalibre,FW,Athletic Club,23,1997,19,3,548,6.1,2,0,2,2,0,0,0,0,2.4,2.4,0.1,2.5,12,3,49,0.33,0,0.33,0.33,0.33,0.4,0.02,0.41,0.4,0.41
Gonzalo Villar,MF,Getafe,23,1998,10,2,298,3.3,0,1,1,0,0,0,0,0,0.4,0.4,0.3,0.7,7,14,5,0,0.3,0.3,0,0.3,0.12,0.11,0.23,0.12,0.23
Vitolo,MF,Getafe,31,1989,7,1,221,2.5,0,0,0,0,0,0,0,0,0,0,0.1,0.2,8,13,22,0,0,0,0,0,0.01,0.06,0.06,0.01,0.06
Daniel Vivian,DF,Athletic Club,22,1999,24,22,"1,986",22.1,2,1,3,2,0,0,2,0,1.3,1.3,0.5,1.8,3,56,2,0.09,0.05,0.14,0.09,0.14,0.06,0.02,0.08,0.06,0.08
Šime Vrsaljko,DF,Atletico Madrid,29,1992,21,10,914,10.2,1,2,3,1,0,0,4,0,1.3,1.3,0.5,1.7,27,45,39,0.1,0.2,0.3,0.1,0.3,0.12,0.05,0.17,0.12,0.17
Nikola Vukčević,MF,Levante,29,1991,6,0,118,1.3,0,0,0,0,0,0,1,0,0,0,0,0,2,9,0,0,0,0,0,0,0.01,0.03,0.04,0.01,0.04
Daniel Wass,"DF,FW",Atletico Madrid,32,1989,1,0,45,0.5,0,0,0,0,0,0,1,0,0,0,0,0,1,1,2,0,0,0,0,0,0,0,0,0,0
Daniel Wass,MF,Valencia,32,1989,19,19,"1,582",17.6,1,1,2,1,0,0,6,0,1.8,1.8,0.6,2.5,13,77,22,0.06,0.06,0.11,0.06,0.11,0.1,0.04,0.14,0.1,0.14
Iñaki Williams,FW,Athletic Club,27,1994,38,32,"2,777",30.9,8,5,13,7,1,1,4,0,14.1,13.3,5.7,19,76,45,316,0.26,0.16,0.42,0.23,0.39,0.46,0.18,0.64,0.43,0.61
Nico Williams,MF,Athletic Club,19,2002,34,11,"1,337",14.9,0,0,0,0,0,0,4,0,2.6,2.6,1.5,4.1,82,27,147,0,0,0,0,0,0.17,0.1,0.27,0.17,0.27
Okay Yokuşlu,"DF,MF",Getafe,27,1994,11,5,465,5.2,0,0,0,0,0,0,1,0,0.3,0.3,0,0.3,2,8,2,0,0,0,0,0,0.05,0,0.05,0.05,0.05
Okay Yokuşlu,"DF,MF",Celta Vigo,27,1994,8,1,140,1.6,0,0,0,0,0,0,0,0,0.1,0.1,0,0.1,0,5,0,0,0,0,0,0,0.05,0,0.05,0.05,0.05
Joseba Zaldúa,DF,Real Sociedad,29,1992,24,14,"1,172",13,0,0,0,0,0,0,6,0,0.1,0.1,0.2,0.3,17,37,57,0,0,0,0,0,0.01,0.02,0.02,0.01,0.02
Oier Zarraga,MF,Athletic Club,22,1999,31,8,"1,166",13,1,0,1,0,1,1,5,0,1.3,0.5,0.2,0.7,24,74,37,0.08,0,0.08,0,0,0.1,0.01,0.12,0.04,0.05
Luca Zidane,GK,Rayo Vallecano,23,1998,8,8,645,7.2,0,0,0,0,0,0,0,1,0,0,0,0,0,0,0,0,0,0,0,0,0,0,0,0,0
Igor Zubeldia,DF,Real Sociedad,24,1997,26,19,"1,648",18.3,0,1,1,0,0,0,7,0,0.6,0.6,1,1.6,8,63,3,0,0.05,0.05,0,0.05,0.03,0.05,0.09,0.03,0.09
Martín Zubimendi,MF,Real Sociedad,22,1999,36,26,"2,591",28.8,2,1,3,2,0,0,4,0,2.2,2.2,0.6,2.8,24,129,23,0.07,0.03,0.1,0.07,0.1,0.08,0.02,0.1,0.08,0.1
Blanco,MF,Real Madrid,21,2000,1,0,31,0.3,0,0,0,0,0,0,0,0,,,,,,,,0,0,0,0,0,,,,,
Hugo Guillamón,"DF,MF",Valencia,21,2000,31,28,"2,361",26.2,1,0,1,1,0,0,11,2,,,,,,,,0.04,0,0.04,0.04,0,,,,,
